number,title,collection,listing_sha256
1,GLP1 Meal and Satiety,ORIGINAL-36,f22426c0b6d7ba3fec9b324f1e278f8020b0558117941f1db57d793a216db3ff
2,GLP1 Side Effect Diary,ORIGINAL-36,f8255b3700a972ce970be4cab2113a1549951c634739dad58fc2f13c099a1197
3,GLP1 Plateau Breaker,ORIGINAL-36,223007882dd0d754c11aa29101aaa87ee296b2e712e8467fb957db53d98deaf0
4,GLP1 Maintenance,ORIGINAL-36,a91d4ab5b71f6dabd819c3c2a094c6fd5f2be675f69cfec8ede755405214403f
5,GLP1 Hunger Craving,ORIGINAL-36,9a694b296916cb51f4d20f7ea9459210100bb0d54ff5bf466ae26d76f48669c4
6,GLP1 Fitness,ORIGINAL-36,be3aababb0defbb9dab6578a8134ea0ca9a0ed97ca92ad7f5175f7813840aec8
7,GLP1 Titration Pocket,ORIGINAL-36,081e7d596217b388d7279ed52dc0682ed7300d6bb3dea582f27c33cd50b4831b
8,GLP1 NSV Gratitude,ORIGINAL-36,9a25b36bc8949b051496b65887f22a1df9a7711c7c54264fab196028cc8cb672
9,GLP1 Injection Calendar,ORIGINAL-36,0768b1c3ca009cba90a7abca4e972204684f1cac1f12b029f09e629c892356fa
10,Sobriety 90,ORIGINAL-36,bd7494de7fda1db7d37e59f7bd27bc1bc068972b63a32a033a0799d53a2f1cab
11,IF Window Tracker,ORIGINAL-36,8307f47ef7a3ff328f93e1117cb219565c4f65e5036a2e22a701bed10c0060ed
12,Migraine Weather,ORIGINAL-36,c428e28af7dadb61ac222501f7dae87c0880de21933a3b843c075ae4a5846fd2
13,ADHD Focus Log,ORIGINAL-36,459ed8bb0ad4a21c9b24c5355afce3efcd628808ce8fa761a339b7fccfb716e4
14,Perimenopause Chart,ORIGINAL-36,0877dea541fbf1d0f6238c450b9a23fc29342b2d5972125fdcef7959207d754d
15,FODMAP Gut Diary,ORIGINAL-36,62bb901ee472f23308144d06f0bb677e4c13ebd56090b7835efcb13b73bf039f
16,Digital Detox 30,ORIGINAL-36,86e823bba0781562043893ab19c258de31c241c4d6e988650164706cb4a72ad0
17,Postpartum Recovery,ORIGINAL-36,27998e8bf3c1ac51629dbd0d6e77948e37096f3e18e193ec4e1b172e666e3b3e
18,Autoimmune Flare,ORIGINAL-36,30079f81e3ec7c6cf2ed04aea3f10bb4e406edfa0ead755bee46b2cd221a4f9a
19,GLP1 Protein Grocery,ORIGINAL-36,884eb8baf022039a18f0682fb06193c9241daa17b1f057f1a32a096a14f07fc2
20,GLP1 Out and About,ORIGINAL-36,925e52cf135d437b45545cb90f69eae5b105e3679506aaa6fcf79672b59727db
21,GLP1 Archive,ORIGINAL-36,0636d1bf2b62b54b5bb9899d4baa66b020a01e93d7274398fa5fa8f2f13405ea
22,GLP1 Sleep Bowel Water,ORIGINAL-36,ab1418d6d26e24d8910edfa553bb1bdf04c5fa403da7e493ba9e47126a9fae13
23,GLP1 Body Image,ORIGINAL-36,ff53076a8705223e0fe79f8713d1e5cc6cdd8130a757b053b9c638beb86a8fc9
24,GLP1 Weekly Brief,ORIGINAL-36,ca4eea3fbd65df08b2d139bd65011b89a1da0bcee0bdec8428075dd5c8e30087
25,GLP1 Shot Day Pocket,ORIGINAL-36,7879590d38f2097b9b10903603a4bc3b26417fb6d7ef265388b5bf6f20fd8dc8
26,GLP1 Protein Kitchen,ORIGINAL-36,1f5b98800b5594d089c4393b326bd58ae2bdc41f0c13ada7e0f4e49cfa7e0f37
27,GLP1 Five Minute,ORIGINAL-36,cfe3955342888409449604cf537ecf34a518ef6c70fc19a3f4bd54d567ae7491
28,Anxiety Panic,ORIGINAL-36,586e1b66f760b732d2d3fc70cffc068f25ec7d42e4b8debfe7ef72c8c0264f83
29,Sleep Window,ORIGINAL-36,6e1efeafc47b87f1cf179c81e045d30238b7ab76251a14c458369fa20596455f
30,PMDD Cycle,ORIGINAL-36,f369419f4c69eadd5e42eef7fdcda9c460f40e9a3114238728c270bf78f35d6a
31,Glucose Meal,ORIGINAL-36,c4407e5127dcb76a2098a3cfd67e7c256ed1a6063697d6cd6bd051cdc460d33a
32,Chronic Pain,ORIGINAL-36,cf06088cf52f7371a8c29a5b126a2c06e3896553693811cd1bb86cdcca4e5a94
33,Grief Loss,ORIGINAL-36,32d8e17ece9f13543a9da7a958e55c249ab254c35b2e653358741722465043b8
34,Habit OS,ORIGINAL-36,761797d49402d79b7f8b3801ed6c4dc75e26bf61e770460b01a1a2215fafaf9a
35,Burnout Energy,ORIGINAL-36,04a89e9c01c814062d9e3822ff752df0a96997013e7f796c94333b1be59b1115
36,Bladder Pelvic,ORIGINAL-36,a23a9fcc74faf274ba12db0d56846603e5e52af3442d0fac6069a389fdae79b4
37,PCOS Cycle Compass,VOLUME-3,2dd740fc2db52a905256eb9f848002eb92e4e6f294ce4b3ab127a8fb1c829bfc
38,Endometriosis Pain Radar,VOLUME-3,9897a734bb3b131479e728251a553a86e43afe713b90701afdb753a058a007d4
39,LongCovid Energy Ledger,VOLUME-3,06f1f7be9b4b16e200825ef74951116a2bceb024f0a11f584ea21cf9ec444da9
40,SleepApnea NightShift Gauge,VOLUME-3,f64a8023be732413153799622e6b5b8c8b071b95cae5a17a60da88efea33b83d
41,T1D Bolt Log,VOLUME-3,91a6f42f8ff5f598d845478d1412a698c1a5d16e3e5e369d81670d8621559eba
42,Neuropathy Nerve Map,VOLUME-3,e8bb137a21e371c11cc3a60895f5f804bcc8830ee9c3ce80994fe9d0fc0d4036
43,Histamine Bucket Diary,VOLUME-3,95f001afb93762e3427b6c631d82cabaee85d512f12d5f90e8a854ee5cb3908c
44,Celiac Contamination Trail,VOLUME-3,f3d212686a908c504d5ee084705ae4261cf9ea5d6916c2bdde9baa1cd93122d6
45,GutBrain Wire,VOLUME-3,6614b4c87c60e5cb09c8eb0be65ba48fa15f9e1f5713a734da2826e06d6474c4
46,Lupus RA Joint Map,VOLUME-3,e9ce651f232d24383bb6708855163715a1dffbaf6a7f2d28af60b54a05db8cc3
47,Cardiac BP Wave,VOLUME-3,2b7e4cf7801c9bf701f7325e5823e5778908486339d38486d41ff44a97ce6ab5
48,Stroke Recovery Runway,VOLUME-3,8da61b2c32b4ba33167ca9dd6b354c786fc32d3a97c07c942b484c0ea14ede43
49,Oncology Treatment Companion,VOLUME-3,1e11dfc8598b842531fad637b7dc4a477425f58d8e4b13a421284a11a51e873d
50,Caregiver Shift Log,VOLUME-3,55aaab4d260121655287575c9bc67fcbb553c5b6161c5f377d8b5916fa2e5eee
51,Vertigo Position Map,VOLUME-3,020280a1dd321fae02ddf2bbad4d95fe9f9f048a9c3737d4bd15c4ad3d340353
52,Tinnitus Sound Ladder,VOLUME-3,e51702166daecd9e8feaa7075ea4cd4e178fcbe792100cb5d37001d7c95de8a7
53,POTS Position Ledger,VOLUME-3,34309f63903d2ad7b88c57bafd88b7f6ae42c78039e4eda277f1e6d018aebe11
54,Hypermobility Joint Guard,VOLUME-3,34d8f72d43a77d0fe65d270f2a602779204cf142b6cac5c9e5ad77af9147e0d9
55,Symptom Detective Kit,VOLUME-3,fabfa9e9b59fb99efba58d64c6ab7f1d45caa65eb6300b3340c752b6353a3f70
56,IBD Flare Timeline,VOLUME-3,18cd5b83e906125cd97db22db66c5a907bc6ef609f90253d00e286336a048891
57,Shadow Work Doorways,VOLUME-3,c18d2c265d37249337f64c87968b6364604ce53d2f9b4d40a2956fea6e860ff2
58,Boundary Script Builder,VOLUME-3,74c5f1488fede710c6c1cb8248bd8b3fac8f230155754b132a855ae72f78d078
59,Mens Pressure Valve,VOLUME-3,ad64426ee370b6439aa2610b4914416be3ac0575a6c0d30ca084f02363d4230c
60,Inner Critic Courtroom,VOLUME-3,a1bbafebb93e6abc367843c970ac20776d5df75a6df4757fce668f82c59c8398
61,ADHD Money Bandwidth,VOLUME-3,c8fdd9de589e0c3c783dac9add48a2164107d0d6467029724ede00aa5d0bcb11
62,One Room Launch,VOLUME-3,08e9f579cf9299eb181435482b66b837478ab7accb8eeecd6081b72ba80690fe
63,Connection Compass,VOLUME-3,3abe34c94ae42673af97f6babc2a32571869a33b2fb27e0c0bb955dd87891c4f
64,Repair Map,VOLUME-3,bba54ccf2c987e379af5996a92ab85a483af15e8ef42a99c9d8b3b8df0641503
65,Yes No Ledger,VOLUME-3,8a370419c4a6e4009685f4388f0251eb986b6e604f361680bb1a560a1fb4cd2d
66,Reboot Orbit,VOLUME-3,f59a6304b11db8d5291aed15a01fb8d55554a25bf3bd2d2c9608208c2b3e8662
67,Work Before Feeling,VOLUME-3,ed4ae644e87e838c937db940f34627bc2576d16e17b7fcfda422930307477f92
68,Done Ladder,VOLUME-3,cbceba97b130db8ef02d52ca6ee6c18e25935ad0c3c2413fb0f3a66160f7d3ed
69,Decision Diet,VOLUME-3,a16bff6252f07e0161055002928d64802fcc90a9935d6cb67f3b3f54f35c46ed
70,Social Battery Gauge,VOLUME-3,50fb27a270a996826899570f844cb1fe2586dd5f9358be5a424b3dde85d36988
71,Time Capsule,VOLUME-3,f775314050e1975b5de48cd42deb484f1244c880d5ba742ad6a3920a069ab82b
72,Empty Nest Compass,VOLUME-3,77f79ca78296a6e234fd48edc2fe2ccb1b51b63a9e327a95f836adb8082b78fc
73,Adenomyosis Fibroid Ledger,VOLUME-4,2fd4876249cfed475fb25d7e2834a09c6e8f63f9151274d6c99d7d2aee967cb8
74,Hashimoto Thyroid Energy Map,VOLUME-4,3cfdcb1b4c81db863e0877a97aeae53b3331dc5153579a3e0acaafc1100ebbc3
75,Insulin Resistance Wave,VOLUME-4,991802d2b1426fc9dfce7a0d8fc25678b8a5380e3a733ecbff958363367b19fe
76,CKD Clinic Lab Ledger,VOLUME-4,a999eb2046f4dc6ade2dc3a26494a4efff6b9159481c3b0fd11959bde2480ebc
77,Dialysis Session Log,VOLUME-4,6afbf6d9297fcbb84462261e2a2af9fa18b827227ce624d3193a817e9ca469cf
78,COPD Breath Scale,VOLUME-4,7a2cd41778864095aad20011c09016b4e317ad5de2a3b4028cbc71092cac265f
79,Asthma Wind Trigger Log,VOLUME-4,1e037f2c970f16bb099c1ec8b54c249f495329c67d05ede335bda258d4428a7c
80,Restless Legs Sleep Pressure,VOLUME-4,196f1080d7532a6bddc4d38e7a283c2db9b36e22cbbef30cd3b3c3f54321c84a
81,Narcolepsy Sleep Pressure,VOLUME-4,21db7a5f931bda823733808d90d1e04165c1924063f85f57f172494a2d100dbd
82,Insomnia Restedness Map,VOLUME-4,2dcdef2ac560d660a2e92ab1e548928c266f9d54cd1357ec265b47839004e733
83,AFib Anticoagulation Log,VOLUME-4,d4d9db54a4db6f8b189af90784ca4012831f0d926ef65c4216ddca8a5563bfae
84,Cholesterol Journey,VOLUME-4,6ffb77171cd71b0dd05631ad426bf4183b4c693f730c70404ebbe15e19b8eb88
85,PostConcussion Recovery Map,VOLUME-4,30b7f9de49c2e19f8e5d16b035e0110e445039440aa33d88a16599c4568bad32
86,Fibromyalgia Weather Map,VOLUME-4,52635e4169d349c8a2d4fab6cfb583ae2fe14422e041f4a79caf5dbf867d27ea
87,Sjogren Dryness Map,VOLUME-4,2c6e7b53451fde55ff7aba872407f6d1a02c5956c39d0c7ad8233ce034a8d1d4
88,Scleroderma Raynaud Log,VOLUME-4,4a187e809ec1738ae2614f7838fc57f87065a28262097ac8dcbbb101f3182c04
89,MS Sensory Map,VOLUME-4,b2ba97f60dc505141024949be233a2d06e09236367ab4ee2061150509e578bc5
90,Eczema Psoriasis Flare Map,VOLUME-4,818832999111ee9950c741b15fbdebd75808f4d38789344c2d5a48f729485a3b
91,ADHD Task Paralysis Planner,VOLUME-4,b7cbd3163555523c2bd902c2a3e719dcb0999e6013d2a107e4dfd0f9ffbc4a17
92,Autistic Burnout Ledger,VOLUME-4,db073949426db8acb87fe1793761da8fa6da4b4c6d33ce299c8f40ec696f4d0a
93,Sensory Overload Emergency Kit,VOLUME-4,965b2dd42f4f14e92b3837dcd2020163f10c6903b602dba26a312040b66c99c3
94,Rejection Sensitivity Radar,VOLUME-4,9c7955dafa3eac439c49508ed90debe31648a34c75244fa23f56e7b4ac72ca26
95,Intrusive Thought Compulsion Ledger,VOLUME-4,39420c77918d29ae2f4efb1b7f48ca22a34ec5f8d1c18b60200551567a685f51
96,Flashback Grounding Timeline,VOLUME-4,babecd153010483801402e0c5d1417529e44f2a3c5de55cefee966c413f31eac
97,Dissociation Grounding Map,VOLUME-4,d6538e605d80219f54a2a4a09e76a36ce2c3279e3c36058d8ace857383ae8b8d
98,Panic Drill Log,VOLUME-4,2deea6a82ecbf360920ea96cef342b4f69687ba079ca6eeaa8050c974af1c9a5
99,Depression Energy Gauge,VOLUME-4,be6599bc32529fe9ac7c202be8c296e458f14c8dcc822a928862e10fc3736cf1
100,Pet Loss Grief Ledger,VOLUME-4,cb6bc60b41cef2f6940a3aa7229962475376a7a8be17d2a5a01cea0df647b874
101,Loss After Miscarriage,VOLUME-4,436f314ed1f820d0e3de0bf6e03d622ff86493475fdcf3e65136ce16fc51b26b
102,Estrangement Contact Ledger,VOLUME-4,93a87617180bd6729ce6855f1c2fd904c3a166e5c527dce965f2c384d37356e4
103,Divorce Rebuilding Map,VOLUME-4,77a75ceb7776662990f5466585fe603f85c4a8516966758a8ccfd40c7451a516
104,Sandwich Generation Bandwidth,VOLUME-4,e4c574641ab822299b1e6253fd6038d18e947c31b0be34cf1be30a4de1a52c18
105,ADHD Meds Appointments,VOLUME-4,77b4b5e2b31396b53c1351df7444e31e97c4e7ce137d370a296aa9878771a020
106,Neurodivergent Routine Map,VOLUME-4,74025d01b07fefcc5121d7542bba857c0047b3d8c4c249e23e45f20e81e71287
107,Aging Strong Journey,VOLUME-4,61e52d903d0782126377d01376e6a60f53af5b4476d1f8b95ba88fb649cf0f1f
108,Care Partner Long Goodbye,VOLUME-4,aa48d533fa7fc0836551dd21c4eef2ad6b2a6ce45b8a561f9065d066259403cf
109,Caregiver Handoff Notebook,VOLUME-5,aeb07fadd22e8330c0a8e343baa5ed78315151c540d81d061ac3d44003f54ad8
110,Family Medical Records Index,VOLUME-5,cf56d076d1ca45124013f2569c476248b43216ee1103839b5f64d13453d48ffb
111,Dementia Visit Memory Book,VOLUME-5,8147bdb7bfa54bf6d744cb79e6433d0891beef7e183718807178c6f1db6b9a1f
112,Meal Train Coordination Ledger,VOLUME-5,7bae5c838bb0b07bbfc59602bd2eac3fdeed0713e09d66216031f25831af3d50
113,Job Search Pipeline Board,VOLUME-5,0d2209a8abf44cccefa1b2c3421c4b30893b0c8ada781b685222f28534d3637e
114,Interview Story Bank,VOLUME-5,2a55cd7686457d1398a08e6c6cbe46d5803bbdb48d57577471435218cb841a9f
115,Remote Work Boundary Log,VOLUME-5,d3172a3f2368e5288cfbf6bcd3148a7b8d296c03587662772dbde565a50f7ce2
116,Meeting Decision Register,VOLUME-5,af6cedeb099677bbcaf825e442f4e778e5c10acdb89b0dfe324276f93ed3b2e8
117,Freelancer Scope Ledger,VOLUME-5,e2d6ccb6468cb7b80730fa7fd27b2e85af3144336d04400ca461fdb22bcd1782
118,Household Repair Evidence Log,VOLUME-5,3b76638c7fc9ca6eb3b91f3ea562974fc0cecf73841503a74461fae96a747e92
119,Apartment Move-In Inspector,VOLUME-5,50845795f3c68e8d21a18e2c8e0c49ebc7c36eab38e902911f4823e17d8109d9
120,Storm Readiness Checklist Journal,VOLUME-5,da9c40b16cf10a5a148c3e86f18f6af8ddb82a5e3a3ecee6c89d2da0bc2714bd
121,Home Energy Observation Log,VOLUME-5,3dfe8fc7d617719090e1b878599929ec0db96545e17f2f3db71be30a6ef7d8af
122,Pantry Rotation Planner,VOLUME-5,01756d6f8627e5c881e9f1f54d18c93db0593269f3e37b18fb0c266290a9f056
123,Food Allergy Restaurant Log,VOLUME-5,331ebb8fe75e873a373723862b706e64a32e18d04d287c4fbc1bd9e86f8a8603
124,Migraine Context Journal,VOLUME-5,8f56180a8fd99a405740a8f746397a58376470f37b2751956032977552d687cf
125,Long COVID Energy Budget,VOLUME-5,6b5f8fadb231ef9d0a959d056ce6bfdc653d6c3939f2a7badeb931f4e4d14ae5
126,Sleep Environment Experiment Log,VOLUME-5,010523c7a345dc04406c737faed8ec1d3bb6a0b2996e36bad86d68220326baea
127,Menopause Appointment Brief,VOLUME-5,325a43f43ca9925e55f729909933632726adf6187806dc92b5ace9d25f706288
128,Pelvic Floor Care Log,VOLUME-5,4cac1d651d02d13ed04ad06022b73606e31a0ffe6bf3ecf56ecf56ad627dd03e
129,Physical Therapy Home Log,VOLUME-5,83a516c07c09ce7cdc7af98e4564523964e0dea58c9355e6cc8554528534c6e9
130,Medication Reconciliation Notebook,VOLUME-5,9e50476d09910789a559cc7341618dea73bcf74c62f72b2ef0cfeb686fa53560
131,Lab Result Copy Ledger,VOLUME-5,ba2db0421d0733e029c570e7c88e28064f67eac04adfb17991358d52f18e2ad0
132,Hearing Appointment Tracker,VOLUME-5,67ce75848ec1880b710ce5c17c9298b0eb34a8bda388b1fdd835a1ad985ec22d
133,Vision Change Observation Log,VOLUME-5,bd50035267f079c5abc0cac11d7d06dd30660b4c18cee5fd94aa95b8085ecca1
134,Dental Treatment Questions Book,VOLUME-5,cda3db732daeb54be7c076c128e8d975f97fe0fbcf00bfa4804c480df536d7e5
135,Difficult Conversation Planner,VOLUME-5,ad8b0cf662964a8509dfe7d0789fea610294a0834a94bb8c1c41b815dec4e853
136,Grief Memory Archive,VOLUME-5,a174a99bfd34b1dccc8c9fcd918769fb9ea01802de58a80ca172f009f656555b
137,Sensory-Friendly Day Planner,VOLUME-5,e41cd8112837eab7d6a393654a4811f94a19e414d9fe47a4c48bb1816738d556
138,ADHD Task Friction Journal,VOLUME-5,0da5af0b9f4a8552af9ec44ff7c4e8d2139fd0edbb3797f17ced54d350de10ec
139,Digital Declutter Fieldbook,VOLUME-5,e3630c68bd9751322d740566687a7c33c0a8800c83b541af9df1081db9544a85
140,Subscription Cost Audit,VOLUME-5,f83c32edb52552a93074a6323a20a9bca2611d30c36b216feb10f9ca3d8541f0
141,Volunteer Project Handoff,VOLUME-5,a9ec9d57d957ab0b98fc1241b27696119d093bfdf9ece2d2b69cb7078a4c1622
142,Personal Safety Check-In Log,VOLUME-5,2d92f2f90665b392560cef07c706042777a4138ccc3e37860069f36cd65ed2d4
143,Travel Accessibility Planner,VOLUME-5,2d71975ca095de8560c2bdc28e68445c9b4fba1414a9c166e1ee3ceb9c211280
144,Creative Practice Momentum Log,VOLUME-5,0aa32a2354488713a67b5e10ae1bed5ff5eb4bd2115733c43182c55ab136ba84
145,Care Plan Handoff Grid,VOLUME-6,080079bb91d86a01147d59488feb9b42153784ebc8912df4d0d7e44b1cdee4d4
146,Caregiver Appointment Brief,VOLUME-6,a52fdca625fd9b8606f23abf6718b60f69cd8482669a32010272eb4cab1734f7
147,Family Care Cost Ledger,VOLUME-6,9f13f8aff6a6c786eeb1b50ddcb44527d413d49479f0d806eecf5081c611b492
148,Hospital Discharge Questions,VOLUME-6,5fe76b887dff74aecb32931f09c65cb1a85b54c03d68cf07c4214b485d3f91a4
149,Specialist Referral Tracker,VOLUME-6,1b7652ddaad27e3f5887aea25b4a416339be55736083ec6c63d4f6fe496afe31
150,Health Insurance Call Log,VOLUME-6,fad246816759146b63f40e7c67f5acc7cd85e71f678614b1a2f342cd482f53e0
151,Work Accommodation Request Log,VOLUME-6,1adb12c95f314588ec7ef779ee4efaa296db163981bdb9b5d10f60a1274f6bc3
152,Return-to-Work Transition Planner,VOLUME-6,8a077cd5a63b548a41e1adfbb445b3b5b7b68e3776ca00c1a99cd93fc8d28b3c
153,Layoff Recovery Pipeline,VOLUME-6,256b9a6bcf7c8c3db9c51cf7033aa2dd06b631e293b463741acb3abbebbb694b
154,Small Business Cashflow Notebook,VOLUME-6,45daf18b3b57ecf792a06ba90be142a54af1a95feeaeba182771907b38769154
155,Client Onboarding Fieldbook,VOLUME-6,2e9712e1360a0043ec91cafa305597e802577f77ea5109cfa7bdf4e359be6876
156,Project Risk Register,VOLUME-6,a988da5e06b4e61751607ceb510f0c04449a32a0b2dca3916aaff349669a7ab7
157,Tenant Repair Escalation Log,VOLUME-6,e9aba361c488082f095402bfacfd9c56b1f0c3538194c1efbab91150a6ec0c7e
158,Home Inventory Recovery Book,VOLUME-6,ea1eb767a3e2f107a0902f95ae1bf36f634209d46e7230d72dfe49bae8b74124
159,Flood Cleanup Record,VOLUME-6,b8f623c8a8c284929dcc4cbbd3014e5cfceb4c207533dcb297a11cbd69a58ac4
160,Power Outage Continuity Log,VOLUME-6,13a95bff87d34d66efb49ec0b6dcbbcb87845fa73c3b0f6df429b98e138aa219
161,Accessible Event Planner,VOLUME-6,f4c2ce706f92569b59862fabfcfd58452d2378e5c24e8adef76424f69b0b3643
162,Careful Travel Transit Log,VOLUME-6,43d068bc4620dcff81f9b89f96ab215717b8a95057d46c0a9bd2e1f4c2caf44f
163,Medication List Reconciliation,VOLUME-6,48e59ee49356ca227e5196135973c2bfcf934c3b36ff072f6a2c77d9dbf42315
164,Chronic Care Visit Summary,VOLUME-6,86c5ac04d7cc461fd2de074108d3b2088b360294d93f4bd0b121b51c5ddfbe4f
165,Symptom Context Timeline,VOLUME-6,13c89a536678d6325c3e2e56428dc8dd78470a29575962f82d90bfaad8b5d3d7
166,Sleep Routine Observation Book,VOLUME-6,6589d888dc4f1cb24af77954106794f520b9dcaa728ee28dd6342c6c9cf712b1
167,Food Response Context Log,VOLUME-6,6e06698289c7a0959a3c7023827849ab356ead750c9cfcd6f74807f558d491f9
168,Pain Conversation Notebook,VOLUME-6,db7716b82be2538fd09c811b78a497a8b002d5ae8cc1245ef5dd953c74f5083b
169,Therapy Session Reflection Log,VOLUME-6,71720e260a9f806460fa824d8b2f41de9c7d617ebbd7ef3e481a429679b9af70
170,Support Network Check-In Book,VOLUME-6,c12a727ebb75528448a90cb2b9b012caeb079a4204d93d2ada90ec4f7eb0620f
171,Grief Date Memory Journal,VOLUME-6,c4b31e391ff63bd3478cdb5e924ed9c90d1c40f511b40d5e6e70542565e7f9bb
172,Sensory Load Field Notes,VOLUME-6,b47e6ceabf730fb741fa2406a1dae19d0660cf31110ff89c89854991afd4d5d5
173,Focus Environment Experiment,VOLUME-6,61c19436b881a32be3ad8362c3cf8104ac8945f270580a7b9202a3f99bb806a7
174,Task Start Research Log,VOLUME-6,b211c164a08f3e5d1ce21b7ceadd4a5e945025e3c7337da385166cfb13b35ef4
175,Household Decision Register,VOLUME-6,fb275966d5121f706a56eba9f9cfb53eb75fb4c51a7dd4288df0acb69aa307aa
176,Digital Account Map,VOLUME-6,73eeb024575213f36b8cc0f9ff1d50b9a0f92d4b26ba060f0c61caf82caa1e1e
177,Document Renewal Tracker,VOLUME-6,bca36a129da144a859acd5f4057c389a85baa236e6633885d40e54982900d550
178,Personal Data Request Log,VOLUME-6,46a34a556dcf4705bda5a1a00a43955fee277d30d53421a480b8d58ee7fa40f8
179,Volunteer Shift Handoff,VOLUME-6,99b97500881349e72a2bd39b62f6a5c19acd1483e6f6a401f73b72e8a9c00307
180,Community Project Ledger,VOLUME-6,467fe8fb9b2a119cc06b085290b9af0a2d32cce0118f4677c6c100e8e5abf790
181,Neighborhood Mutual Aid Ledger,VOLUME-7,6565c343accbb0117349ed75619c426b67c913ef794a08a3cf59e9ae030825b8
182,School Support Meeting Brief,VOLUME-7,f98ac5555b23d326e039fa22f24a012ae8562a63ee916a1dbb467291ca76497d
183,Special Education Document Index,VOLUME-7,7c9a82233a55ad6d2b0f3b4a2f3fc7beb531e4ff2449f5d913a6a26cac275c39
184,Youth Activity Safety Log,VOLUME-7,200aac6382555c988c36ea133af843523cbb5d95ea1f8416764bdc93a4f8a11f
185,Elder Housing Options Notebook,VOLUME-7,94b4cfc8804746e312d2200f7dd568a2eaf188303d1dc5a24ef75b77e9e620a8
186,Care Transition Contact Book,VOLUME-7,e27936cd919dd1189d13b4512a50166f3872032de7b9426b1e82edb73e4ca385
187,Family Emergency Information File,VOLUME-7,ab7c5a23265dd6d5cf8cd3d8a827ecc805a98c91e570f37217631ad570df314f
188,Estate Task Coordination Ledger,VOLUME-7,f451a15c1186565f7dbc3a76c438fb0bf3cb963661d35fb9e3a50c8c0f00dfa3
189,Probate Document Tracker,VOLUME-7,3d55f7c7c2971cff4e9e4026c464cb1c7a454e2d0c49aec16553a0edc3ebb085
190,Tax Document Collection Log,VOLUME-7,3778c1c1879dfa67108c48b8cf5e2290b1aa04a416ef6396e79d2e07d44eac96
191,Debt Negotiation Call Record,VOLUME-7,1aba2e6c1e021cc89b556ef081d91dc03722256f298639d3aa14dd327e2fe48a
192,Household Bill Calendar,VOLUME-7,831b1d342e6da409a75687f327388bd3a3040831dd8d7d7e2065fcc9698fa422
193,First Apartment Setup Planner,VOLUME-7,554a6e2b3867bfdaa59db248f45fd704fa50934ed9586572261b0316bfbf854d
194,Home Accessibility Survey,VOLUME-7,155c9c611bcf3a905f0b432bf1dfb39678201ecbf9867e95474949b81e6f3111
195,Vehicle Maintenance Evidence Log,VOLUME-7,52d363f2473e2acff0c20b79c68bc58049563b62f31f7b2cfb80c03e42701aa3
196,Pet Care Handoff Book,VOLUME-7,b131fb141f04d61888e018ac36b4537e7672ee39878f81331ada7f1fb343f6ff
197,Garden Season Field Journal,VOLUME-7,5eb2564a08ac760bf44f12e6f5b0c8d019811fa6800f1717b4b7bd9262785743
198,Community Garden Coordinator,VOLUME-7,cb6b09eb0b9566c7bc4c700c9b1d03bee3bb1a7ac5127a146299d5c3f9ee0920
199,Repair Vendor Comparison Ledger,VOLUME-7,25a7680c29b530b3e408f9813883ae952dfa0d5d12cc45fdd67bd32959fdb314
200,Storm Claim Evidence Notebook,VOLUME-7,867d192ec226a0fec20ceaa6ebe79fc592c05e8cc2ec15d9728baa90eca2530d
201,Emergency Contact Update Log,VOLUME-7,011ff9be3d0240ef0727d7fef917add6978dcd5070ff90cd33731cffa1c7515d
202,Travel Document Checklist,VOLUME-7,1dd8684d6917a05254d6a4444595c735281052dea5e90464e0af898c753ee1f3
203,Accessible Lodging Call Log,VOLUME-7,14989d7fc55b255c76f3f917b6701cb33e049c0b15e0d8957926afa94c9bc471
204,Conference Networking Follow-Up,VOLUME-7,da02d586d7ec217669f7af9038a10776f3fc65be1aa7ea8de8db1592f0e353cd
205,Portfolio Revision Tracker,VOLUME-7,f8e53debc982cb20107a57f320a5a5c1ba0f5b2a90eb1b01de361a6a330ea6cf
206,Certification Study Evidence Log,VOLUME-7,faf1876e463695561d72ef762b6d186ca7bbea795e13b662bb8cc12964e414e4
207,Apprenticeship Application Ledger,VOLUME-7,bea74bfdc69c6904ac7b2063fe4952641ed6c400d36f8965f07b3c232f3582ac
208,Shift Worker Sleep Record,VOLUME-7,2a334b062a9c6bae76ead1080678b6802bb75bf25ff9d0a63c7bde9cb60fe9d4
209,Care Worker Boundary Notebook,VOLUME-7,4af88c52428ed210dfafd7fb2301afd4c4136af6d11c6d7aee9a382bce2a6f08
210,Burnout Workload Evidence Log,VOLUME-7,ce30833ca8b0ffe117dd9a261e775e776f4913104d1d8be75a821e86cfc48ba0
211,Union Meeting Notes Register,VOLUME-7,5db176cee4d3842364054ecf5531f71e51a5c4c5ba1f371ad8429e6122708eb9
212,Board Meeting Decision Book,VOLUME-7,99f419fdce91f9f5df2b99545b4cc99ab73cf51ed2a856e51737c3f1348ffcda
213,Nonprofit Grant Calendar,VOLUME-7,d25e6bb925ec730f34123b93ff74439a74becac5fc36140860ccc7229268bead
214,Donation Inventory Ledger,VOLUME-7,8f297ca00423bcdb8c6d94ce3873819a28d53ba36778c6ca0ff510b02052e6ed
215,Creative Collaboration Handoff,VOLUME-7,48ffea5424bd142809f06f317ffe5ba1ebbf491f26ee512492842148567238fa
216,Performance Rehearsal Log,VOLUME-7,98ae9d397ac7232fe738a058c88021c6718ef1b01bfc404235fb324a7a365df0
217,Community Event Runbook,VOLUME-8,56b9254921b1f6d982900bd4be2e2d8670ab15af3610000d188b169610f9607f
218,Neighborhood Contact Directory,VOLUME-8,b9d1ce6154d3cfd91e2777af3441d2b852dd3025af71cceda0ff390a706d97db
219,Library Research Trail,VOLUME-8,6f78bb4c6e27ba36f4456027068895e010c904b6c3108e374715b6c644da0a1a
220,Local History Interview Book,VOLUME-8,8fe027a1197eeed29cb571d29a8250e340cfe1b27132995b113abed92318627a
221,Home School Activity Log,VOLUME-8,d32bbea97861a57644080f2061c57d282e918172373855357e4682c78ed48d4e
222,College Application Tracker,VOLUME-8,c4bffb66e62a348ce894305a678f525b95811d09847492fec953dd5c9969b0d6
223,Scholarship Evidence Ledger,VOLUME-8,65106a1530df2c98f3ce35d3b994f1281c76a31893da40b777a278e741a8c6c2
224,Internship Follow-Up Register,VOLUME-8,eaf43d7091cc6f1c94ba6f74ecaa79b528bff69d88cfa1ae72e406669b788e40
225,Professional Development Log,VOLUME-8,93a630abf3daffaa94719480878ae7867e1265f7ad41dbd9cd9c16023f5bd9e6
226,Team Onboarding Notebook,VOLUME-8,edc9fb5d6a655fdcb8c2fab78ec91001db11cbb623ddac9feaa4f3f90716535d
227,Manager One-on-One Register,VOLUME-8,e54a3abea76a8ff960ce0a1b06605ea5e32f05fc7508645cca04786f076b9f0e
228,Workload Negotiation Log,VOLUME-8,6be93324234d1a547eb8918f999456b95cdef7c038da5201aa0cfa7b7672f5f4
229,Contractor Project Handoff,VOLUME-8,ca14e7c687c29fd9f544691f47b235c419c4092fd99b71d542c99486d609b897
230,Renovation Budget Evidence Book,VOLUME-8,9f7cfe186323008f14a6428c28d2fbb2f26596714a28966c2270a6d138aacbc2
231,Appliance Warranty Tracker,VOLUME-8,97f1fa801fe18f4c5c6f05be355a4a249376d586f91b97ee4c402d2eda279f97
232,Vehicle Trip Maintenance Log,VOLUME-8,ff89aa1a97f3cbac7232c7f1a127da8ebc2d091f02205055d9de422d23e613d0
233,Pet Medication Question Log,VOLUME-8,c2a5acc9c56c1ae00a673f4feebe672f693938f9f9162822a2938fe6c987779c
234,Pet Adoption Transition Book,VOLUME-8,cc104f2c20108b58f8251f3264efaa794194ca01632869e26e8047024b9be29a
235,Plant Care Observation Journal,VOLUME-8,748e5d995a33c8e45b640789a66461446ad6afcdbdcd020e3462698cd12f21a6
236,Seasonal Home Reset Ledger,VOLUME-8,ba6b106c645ab7563d56fb413beeb299a5513fb99824b5eb67d0c273773e1631
237,Emergency Supply Rotation Log,VOLUME-8,316f066b7e26f42249e319bef61887381597be2d1c09791c42f238948c599c23
238,Document Backup Checklist,VOLUME-8,511255993a48f0b95e3ebd3ae68d0f2d4d0c1cf276ca1ec6a023c2bb33ac55d2
239,Password Manager Migration Log,VOLUME-8,c9f1b5b1e3eb7c73a9aebdd7c3d084388957e34c38617b405ae63775510d3c42
240,Privacy Preference Register,VOLUME-8,725dfc101f35dd2218f10b7969bfc6d7992f220d1b6780dabd36c03addb0b7f6
241,Subscription Cancellation Record,VOLUME-8,d563a8dbf1a8243203a8016fcd7a78f5935b541e0e0d0d21eabfec1e165bff6e
242,Household Purchase Decision Book,VOLUME-8,df712658e9924fa315264cf939c5d7a59afedb4fe17c8b5880e369dd5d0f0136
243,Accessible Restaurant Call Log,VOLUME-8,1a45614e9d4b7380a92fe2003820083274f66829524ef9becf984852c2a5c5d3
244,Medical Interpreter Appointment Log,VOLUME-8,76d7a84b633014ff89efbf2f732c28950fbf4ee1dad14232a04ab2c9e72d8a5d
245,Caregiver Respite Planning Book,VOLUME-8,606cd05afcbc1cba6f6a1b194eabd461324a2e01a0565a228ec35b6ce1a496d8
246,Support Group Meeting Notes,VOLUME-8,10d64e4c1f2ddc687ab0a608799934994b891014c5942fb74720ba96423f7e21
247,Personal Values Decision Journal,VOLUME-8,71f235e0de582e47e1c19e37b3ddb3374703be0f3fb851e6a29f61d278f3b771
248,Difficult Email Draft Book,VOLUME-8,3750f44a3da98db699d5940e7751305fc32c9fa3b7f767582edcb889525d59bb
249,Boundary Conversation Record,VOLUME-8,b7379e0bf455ecc861fcd505e5702e41c5840c8af1206f2e0ee18f203739f27d
250,Creative Project Archive,VOLUME-8,20e7167ec5063890023f89649b539c3828fe69d2600b87dafebbd87e90b0526c
251,Maker Workshop Log,VOLUME-8,d324c910c137ada109d433ed373340033207b507e776c661161317d1cbe99be3
252,Reading Project Notebook,VOLUME-8,c2e3edcab326160f5c55837fed7008c68313220d81f060a8a7de566cfd5d44e0
253,Accessible Workplace Setup Log,VOLUME-9,b5038de19100adf60d272d20bd7b516b1b129ae57f2446f5759195811c6deb3f
254,Care Team Question Cards,VOLUME-9,a0304285d497d97bb3fa0bd0b74df5c2a8954ae99c5f1413375f777354ab17ce
255,Appointment Transportation Log,VOLUME-9,4ce2886c57aba15b285291ea9c377ce51035b8d8692aa32cf5fd73399a34316f
256,Home Care Supply Ledger,VOLUME-9,a671205fff1e67bd5322762b500a0f8d2ddbef9d1bf7104833c17749f33421ee
257,Family Calendar Handoff,VOLUME-9,0e0b6327c8311342297bd7aaf638b4d56140b0d27ba94912d008bfd8ecd3a514
258,Shared Household Task Board,VOLUME-9,38b5d7775d1b1e252a770f02fc38b101089f8681bcff220fbeb1473dd43e1296
259,New Parent Support Handoff,VOLUME-9,c8af0f9040ef77bd6560d8aea9202b353abb5c3924a0856ceb7fc99e8002a2c0
260,School Pickup Authorization Log,VOLUME-9,60dd145f3ba82d7e046f6ba5ebd7b0b7fcf94c6ff26efbb02bcdc06f7f0c5189
261,Child Activity Equipment Log,VOLUME-9,4e3bd25c39bb7de814f685c09b5f634d29a8ce1863189ce9ca18640193ca981e
262,Caregiver Meal Planning Book,VOLUME-9,113eea277c5d47c61a4bb66e826ced0457b4eded5f2f7a31b5e3f9d31c48f617
263,Community Resource Call Log,VOLUME-9,04cbe3bffa8ec0fa939f97db8aece1a9fce72a3bdfd2ded82a2355a30df14598
264,Benefits Application Tracker,VOLUME-9,38745dfb147168a6e697312fdc441497c3ef0e78811ab17c7d206c592e6b61ca
265,Housing Search Evidence Book,VOLUME-9,2efb1881aff9c142cdfd13fe54a6e57a1dec91e86e9652e5f42764fbeec3b769
266,Lease Renewal Decision Log,VOLUME-9,81c2cb9d7ad98b918bb2157268c5aefc6138ce1df26383bf7cf08f8a1c994595
267,Moving Day Command Book,VOLUME-9,b9d8723c9428d55f9522c53cbb502eecfa1107a9386db5319d563c97ed8ebde5
268,Household Utility Transfer Log,VOLUME-9,ceab538cb1ada535e6509effd613b1a2d1478c55dd0e3a9813f2600fd2d22c2d
269,Insurance Claim Timeline,VOLUME-9,5be0aa661f6c2cf9f1fd7d9eea56742ebbbb7d9b3ee408460ab73b8b3d3aa033
270,Personal Property Photo Index,VOLUME-9,ed1fc413cd47c2a8d3861c68cc7670ca2c6ba750e45bef8d4b7b9a570803b630
271,Storm Repair Contractor Log,VOLUME-9,0f176d8645021287ecd404bcd468ed23fe947d3ebc02432976f2c522ab85f055
272,Seasonal Vehicle Readiness Book,VOLUME-9,638f0cc940e436f614780f7d28a766a9174982e1a5a950a5ff7f64233dc57dea
273,Workplace Incident Fact Log,VOLUME-9,32bbfbd000765ebbcf6a3f870b46474952a9d4c5c280068f7c5a1dd1099c28d3
274,HR Conversation Preparation Book,VOLUME-9,5ea61e394a628afa49c6b98fa07dd76ea716a7239dcbbb114082c1088c4dff91
275,Career Change Research Ledger,VOLUME-9,2a27fb2ce1dc9ae8a1cf0c3f2de61b1cc2c21b3279e75fee32c7cf8072ae8a5d
276,Freelance Invoice Follow-Up Log,VOLUME-9,b6023d23c0e4f5ecf995f5ff3527d87a88def927a76a10a8644e3080ababb8b9
277,Small Team Process Notebook,VOLUME-9,c59d930cfc88007d6a3ef55da1430be231cbfa50f51f61028924df792a3449d6
278,Meeting Facilitation Fieldbook,VOLUME-9,5d740fe793816c4d99a0cd4b830e63c83f2cdd716b03d2990a386070d697ec87
279,Volunteer Training Register,VOLUME-9,84a3f2e82d50d6b626474ae3448d2b62149d91316c2b8ed7e4481d9a20148549
280,Fundraising Outreach Tracker,VOLUME-9,53902a3449c66f304fad342ef04288b8083157730af26cf16bb39ca90aa38d57
281,Creative Submission Calendar,VOLUME-9,98f6a553dfc4bb25b1528a1a2a79d10e349ce871e03b9aed7a60a79799dc329a
282,Artist Materials Inventory,VOLUME-9,ed0e1fbc989ae4d4ec8908261abd7bed6c1b5da20d9199960ea2601b468fa40e
283,Performance Venue Research Book,VOLUME-9,8c0f217c110c09970b39681a1951f5af047e9c373a7fe8179ee82842026cad99
284,Travel Medication Packing Record,VOLUME-9,021ab0c2af061f6b1df9ba547c1af26239bc3bc074f0f7074f852344c0bcb613
285,Accessibility Accommodation Request Log,VOLUME-9,4c1bd6a182c95b97fe6f966548fb911c51fb0d6934134f248c3a007b835040ff
286,Language Access Planning Book,VOLUME-9,db3f88dffdd0914524f892053e786697356bdc4f1208814a801f765739a561d8
287,Personal Archive Finding Aid,VOLUME-9,724e9b7c50549210d71498fad368feee57f2ec2f582d870bc57f080f3c90789f
288,Life Admin Weekly Review,VOLUME-9,9b2ecc33ed46f645c698925c63e70b20b735b7b16d36ffc1d2e7b59c34a329db
