Product,Price
12-Week Habit Operating System,9.99
ADHD Medication & Focus Log,19.99
Among the Trees,16.99
Anxiety & Panic Sensation Log,9.99
Architectural Visions,9.99
Autoimmune Flare & Energy Journal,9.99
Autoimmune Flare & Energy-Level Journal,22.99
Back to Enough,18.99
Bladder & Pelvic Symptom Diary,9.99
Botanical Ink,9.99
Burnout & Energy Budget Journal,9.99
Celestial Atlas,9.99
Chronic Pain Body Map & Flare Diary,9.99
Color & Check In,16.99
Color Your Way Forward,17.99
Cozy Corners,9.99
Digital Detox 30-Day Screen Time Workbook,9.99
Digital Detox Screen-Time Workbook,18.99
Dose & Breathe,16.99
Easy Garden,9.99
Enough Money, Enough Calm,18.99
First Strokes,9.99
Fractal Dreams,9.99
GLP-1 Body Image & Mindset Journal,9.99
GLP-1 Fitness & Step Companion,19.99
GLP-1 Five-Minute Morning Pages,9.99
GLP-1 High-Protein Grocery & Meal Prep Planner,9.99
GLP-1 Hunger & Craving Mood Log,18.99
GLP-1 Injection Sticker Calendar,9.99
GLP-1 Maintenance Phase Tracker,9.99
GLP-1 Maintenance-Phase Tracker,18.99
GLP-1 Meal & Satiety Journal,18.99
GLP-1 Measurements, Photos & Lab Archive,9.99
GLP-1 Non-Scale Victories Gratitude Journal,18.99
GLP-1 Plateau Breaker 30-Day Challenge Planner,9.99
GLP-1 Plateau-Breaker 30-Day Challenge Planner,19.99
GLP-1 Pre- & Post-Injection Sticker Calendar,24.99
GLP-1 Protein Kitchen Recipe & Leftover Log,9.99
GLP-1 Restaurant, Travel & Social Event Log,9.99
GLP-1 Shot Day 0-48 Hour Pocket Log,9.99
GLP-1 Side Effect Tracker,9.99
GLP-1 Side-Effect & Symptom Diary,18.99
GLP-1 Sleep, Bowel & Hydration Companion,9.99
GLP-1 Titration Log (Pocket 5x8),9.99
GLP-1 Titration Schedule Pocket Notebook,16.99
GLP-1 Weekly Review & Clinic Brief Binder,9.99
Glucose & Meal Timing Log,9.99
Grief & Loss 90-Day Journal,9.99
Gut Health & Low-FODMAP Symptom Diary,19.99
Intermittent Fasting Window Tracker,18.99
Low FODMAP Food & Symptom Diary,9.99
Migraine Weather & Trigger Diary,19.99
Mosaic Mind,9.99
Night Harbor,15.99
Non-Scale Victories Gratitude Journal,9.99
One Minute at My Desk,29.99
PMDD & Cycle Mood Chart,9.99
Parallel Lives,9.99
Perimenopause Symptom & Mood Chart,19.99
Pocket of Calm,24.99
Postpartum Core & Pelvic-Floor Recovery Planner,22.99
Postpartum Recovery Planner,9.99
Rest & Regulate,17.99
Settle,9.99
Sleep Window & Wind-Down Diary,9.99
Sober Curious 90-Day Journal,9.99
Sober Curious 90-Day Reflection Journal,19.99
Softer Words,19.99
Steady Signal,17.99
Stillness & Stretch,17.99
The 5-Minute Dump,9.99
The 75 Soft Journal,9.99
The Breathwork Integration Book,17.99
The Dopamine Menu,9.99
The Middle Season,9.99
The Night Pages,9.99
The Scent of a Steady Year,29.99
The Slow Page,9.99
The Unhurried Year,19.99
Tidal Ink,9.99
Under the Covers,18.99
Us, In Balance,16.99
Woodland Wonders,9.99
The Teacher Recovery Blueprint,39.99
Money Calm: The Anxiety-to-Action System,39.99
Digital Boundaries: The Focus Reset Playbook,34.99
Social Battery Protection System,34.99
Life Admin Reset: The Calm Home System,32.99
ADHD Executive Function Mastery Planner,39.99
Caregiver Capacity Compass,34.99
Chronic Illness Energy Recovery Map,34.99
Financial Calm Starter Kit Pro,49.99
Neurodivergent Workday Operating System,39.99
Parent Recovery & Reset System,29.99
PMDD Recovery & Symptom Calendar Pro,39.99
Quiet Focus Mini-Reset Journal Deluxe,24.99
Sleep Debt Recovery Blueprint,32.99
Time-Blocked Recovery Planner Pro,39.99
Immune Health & Stress Tracker Pro,39.99
Hormone-Friendly Meal & Mood Journal Deluxe,39.99
College Student Recovery Operating System,29.99
The Caregiving Chaos Reset,24.99
Mom Brain Decision Journal,19.99
The Digital Sabbath Reset,24.99
Side Hustle Financial Clarity Planner,27.99
The Hyperfocus Recovery Workbook,24.99
ADHD-Friendly Cleaning & Home Reset,22.99
Money Safety & Emergency Buffer Planner,27.99
The Burnt-Out Student Recovery Plan,19.99
Borderline Burnout Recovery Notebook,22.99
Long COVID Energy Recovery Tracker,24.99
The Overwhelmed Parent Reset System,27.99
Sensory Overload Recovery Journal,24.99
The Quiet Hour Planner,21.99
Midlife Reset & Identity Workbook,27.99
The Chronic Pain Recovery Menu,24.99
The No-Drama Budget Journal,22.99
The Home Executive Reset,24.99
The Seasonal Burnout Recovery Guide,22.99
