number,title,pages,interior_sha256,status
1,Bill Day,128,568111d5a60f7f2cb01972fce0c123fb8995f55c47c6c50376e0996c2055c37f,HOLD_HUMAN_REVIEW
2,Debt in View,128,2d49e4327cd77e39834fe4d9515d825a3262960b2d4a49be4ec591074f26f709,HOLD_HUMAN_REVIEW
3,Tax Year Map,128,36212266b166e43537c6ed39fdcb39b0620c3f6ee9c660127ad3502e9315a1ae,HOLD_HUMAN_REVIEW
4,Receipt to Record,128,32fb3271713728a410a28ec4ab507bf1906db3d76a460b7b557929965ccf0a3d,HOLD_HUMAN_REVIEW
5,Subscription Cleanout,128,2d7d9e5fc76385823b0cb6a8ba7f1f05fce2116eacad29e3de49c79fafa0f408,HOLD_HUMAN_REVIEW
6,Home Inventory Atlas,128,52e2a655c8386fd08e432cb7242d594f2f8d265822c7fcef91be7f42007dd9d1,HOLD_HUMAN_REVIEW
7,Insurance Claim Notes,128,169226de5af1fc5c2e422ef94a496d0bcc83d06728ad540a3a9e1f8a08213f83,HOLD_HUMAN_REVIEW
8,Emergency Ready at Home,128,4dc6cfb846fbd0a0934cd6c54d70df375dde14b9702f8b4673e9263dec108f46,HOLD_HUMAN_REVIEW
9,Digital Legacy Map,128,e93ae73af4aeb88b224bb66395baaa404cc32bb8382cc23ee323571fbd416821,HOLD_HUMAN_REVIEW
10,"Final Wishes, Plainly",128,a8794a0f5a27252da32d03ab6bd45d5c3fcc57cd9b869824e79dcb38bfff5262,HOLD_HUMAN_REVIEW
11,Retirement Bridge,128,047dd1e58a9a296be6c69082bc40311c2cdbc43b18f8e455419501543367bb35,HOLD_HUMAN_REVIEW
12,Benefits Renewal Map,128,faf0d2f6f8f9925a8592ae90a3f5c8841226435512d8508a53f265a317811a80,HOLD_HUMAN_REVIEW
13,Appointment Notes,128,db4ab29e69085bae87980ea6a4b768f23b4ff753bfc95d7a34503a56d850f21b,HOLD_HUMAN_REVIEW
14,Medical Records Index,128,b5ddc50729edb77b96f5d7e4151df98019af35c54fe145ff660acaead1c54e94,HOLD_HUMAN_REVIEW
15,Medication Conversation Log,128,dcb69de4b962e2ba0f5fb01da8c78c4d088c4fc28ed02f87e854a1c4deabc1dc,HOLD_HUMAN_REVIEW
16,Care Transition Home,128,e4ef6c63898343dc46afe600d34a99ba0e83095a39bf8dba193857691672e48d,HOLD_HUMAN_REVIEW
17,Home Access Plan,128,a20741b7af029883843ef805fecbfdd5384ca00d79db6a30a7a794941e718be1,HOLD_HUMAN_REVIEW
18,Disaster Recovery Checklist,128,c66bb75cad180758875461a223e83bd824d9790abd9bb1eb681e9b8627e94833,HOLD_HUMAN_REVIEW
19,Two-Home Calendar,128,688f39cd78330f43b29ff77ebd4e5ff9b833956c378cc1aba9d3b5ed35319435,HOLD_HUMAN_REVIEW
20,School Support Meetings,128,40ee19d277bf0e316e3d739a928c1bc0214cf7e870bed6bfa2a98f77a83154dd,HOLD_HUMAN_REVIEW
21,Childcare Relay,128,df92820edcc657ea7792df3cb2b35ae1219f12e1d85190b0508a9413f565d2df,HOLD_HUMAN_REVIEW
22,First Year Paperwork,128,a6b41eba50d1c612c493825f277ffc7f5d16fb2cbc2a151b929b35c00613a55b,HOLD_HUMAN_REVIEW
23,Senior Move & Downsizing,128,6f90155e54a4594fcb1c1dd32b9bd17f76c4723b7235d195c1f078f8f621284f,HOLD_HUMAN_REVIEW
24,Household Safety Check,128,ef3d1c521725baa28c59477422a34f96e40e4dae10f37adcff5e023a799b3275,HOLD_HUMAN_REVIEW
25,New Hire Launchpad,128,cf570d7b88ea016e760389d851332cc30683853d60430a9ce70b0a657328a165,HOLD_HUMAN_REVIEW
26,Professional Credentials Log,128,9a4a6d0467577562ef1791f926474ad3f4d1fb662e30525137b6000449197f53,HOLD_HUMAN_REVIEW
27,Certification Study Map,128,40170cd937c098f9ba83080ddde9d44f0a634cc1194dea5256cbc767f6af3240,HOLD_HUMAN_REVIEW
28,Invoice Follow-Up,128,fdc803d49c2e522e4c57d213c30c84f7acbb2d8a5bcf13180a5e488373c256cc,HOLD_HUMAN_REVIEW
29,Reseller Stock & Orders,128,173cda6322539e8b89b1efda85e44dd38efccbe7d3cab0de6c537ed1127ff115,HOLD_HUMAN_REVIEW
30,Vendor & Supply Order Log,128,94a59c9434e4fbb2c0e99293001414c672617ae0d791a1dd78490d9d53c71e89,HOLD_HUMAN_REVIEW
31,Career Portfolio,128,6af24a9c973171520ea9ba3ad40501b2f588c8a009513d1314eb4bbbe4dce1cf,HOLD_HUMAN_REVIEW
32,College Application Map,128,c195f6202e4db6328b09f95beb04045a0d9e91ffbd809cea5365ec40a4910c42,HOLD_HUMAN_REVIEW
33,Scholarship & Aid Tracker,128,f3bc268e61277f30134ff6139e0221465dc72a438fd16cca9e381acc7b4f4508,HOLD_HUMAN_REVIEW
34,Workplace Accommodation Paper Trail,128,cfdbe5514a6a85cfc7dea7de13cb73728062dd5083e21f154bdad77915f3dacc,HOLD_HUMAN_REVIEW
35,Student Records & Deadlines,128,19645696de9254133d21d50ae4a2e275febb63f2be51e47d90eca326086b9762,HOLD_HUMAN_REVIEW
36,Community Service Hours Log,128,7d7374d4b5b6a433c5c81cd6e24e55134b8a8ab5e0f41485f42a8fef87ca1142,HOLD_HUMAN_REVIEW
