id,imprint,wave,order,title,subtitle,author,series,trim,pages,paper,cats,keywords,price,interior_file,cover_file,images,copy,bn,digital,hc,rank,notes
QM-12,Quiet Mind Press,1,1,The Dopamine Menu: An ADHD Journal for Ordering Your Stimulation,"Five Courses and a Daily Order Ticket, 150 Pages",Quiet Mind Press,Quiet Mind Journals,"6"" × 9""",150,cream,Self-Help / Journaling | Self-Help / Personal Growth,"['dopamine menu journal', 'adhd journal for adults', 'dopamine menu template book', 'executive function journal', 'neurodivergent daily journal', 'adhd stimulation tracker', 'adhd motivation notebook']",$9.99,release4/dopamine/dopamine_interior.pdf,release4/dopamine/dopamine_cover_wrap.pdf,cover.jpg + listing_02-05_interior.jpg + listing_06_callout.jpg + listing_07_series.jpg,release4/dopamine/metadata.txt,LIST,$4.99,LIST,53,$4.99 large-pool attractor
QM-14,Quiet Mind Press,1,2,The 75 Soft Journal,A Gentler 75-Day Challenge Tracker with a Day 76 Page,Quiet Mind Press,Quiet Mind Journals,"6"" × 9""",96,cream,Health / Fitness | Self-Help / Journaling,"['75 soft journal', '75 day gentle challenge', '75 soft tracker undated', 'gentle habit challenge book', 'kind fitness journal', '75 day wellness tracker', 'soft challenge workbook']",$9.99,release4/soft/soft_interior.pdf,release4/soft/soft_cover_wrap.pdf,cover.jpg + listing_02-05_interior.jpg + listing_06_callout.jpg + listing_07_series.jpg,release4/soft/metadata.txt,HOLD,$4.99,LIST,45,"$4.99 large-pool attractor; BN HOLD (<120pp) — kit on disk, do not upload"
QM-11,Quiet Mind Press,1,3,The Middle Season: Perimenopause Symptom Tracker & Journal,"Hot Flashes, Sleep, Brain Fog and Clinic Notes, Undated",Quiet Mind Press,Quiet Mind Journals,"6"" × 9""",160,white,Health / Women's Health | Self-Help / Journaling,"['perimenopause journal', 'perimenopause symptom tracker', 'hot flash log book', 'night sweats tracker', 'midlife hormone journal', 'brain fog journal women', 'menopause transition notebook']",$9.99,release4/middle/middle_interior.pdf,release4/middle/middle_cover_wrap.pdf,cover.jpg + listing_02-05_interior.jpg + listing_06_callout.jpg + listing_07_series.jpg,release4/middle/metadata.txt,LIST,print-only,LIST,54,no digital (print-only flagship lane)
QM-15,Quiet Mind Press,1,4,Cozy Corners: Cozy Spaces Coloring Book for Adults,"49 Cozy Spaces: Reading Nooks, Rainy Windows and Hygge Rooms",Quiet Mind Press,Quiet Mind Color,"8.5"" × 11""",104,white,Crafts / Coloring Books | Self-Help / Stress Management,"['cozy coloring book adults', 'cozy spaces coloring', 'hygge coloring book', 'reading nook coloring pages', 'cottagecore interiors coloring', 'fireplace coloring book', 'aesthetic cozy coloring']",$9.99,release4/cozy/cozy_interior.pdf,release4/cozy/cozy_cover_wrap.pdf,cover.jpg + listing_02-05_interior.jpg + listing_06_callout.jpg + listing_07_series.jpg,release4/cozy/metadata.txt,HOLD,$4.99,HOLD,44,"$4.99 large-pool attractor; no Blurb (trim not offered); BN HOLD (<120pp) — kit on disk, do not upload; HC HOLD (coloring) — kit on disk, do not upload"
QM-01,Quiet Mind Press,2,99,The 5-Minute Dump: Micro-Journal for People Who Hate Journaling,"200 Pages of Rotating Five-Minute Prompts, Undated",Quiet Mind Press,Quiet Mind Journals,"5.5"" × 8.5""",200,cream,Self-Help / Journaling | Self-Help / Anxieties & Phobias,"['5 minute journal', 'adhd brain dump notebook', 'micro journal for beginners', 'low effort journaling', 'brain dump journal undated', 'journal for people who hate journaling', 'tiny prompts journal']",$9.99,release3/dump/dump_interior.pdf,release3/dump/dump_cover_wrap.pdf,cover.jpg + listing_02-05_interior.jpg + listing_06_callout.jpg + listing_07_series.jpg,release3/dump/metadata.txt,LIST,$4.99,LIST,42,$4.99 large-pool attractor; no Blurb (trim not offered)
QM-02,Quiet Mind Press,2,99,Parallel Lives: A Split-Page Therapy Journal,160 Pages of Side-by-Side Prompts: What Happened and How It Felt,Quiet Mind Press,Quiet Mind Journals,"7"" × 10""",160,cream,Self-Help / Journaling | Self-Help / Personal Growth,"['side by side journal', 'dual column therapy journal', 'cbt journal for adults', 'split page journal', 'overthinking journal prompts', 'two perspective notebook', 'self awareness journal']",$9.99,release3/parallel/parallel_interior.pdf,release3/parallel/parallel_cover_wrap.pdf,cover.jpg + listing_02-05_interior.jpg + listing_06_callout.jpg + listing_07_series.jpg,release3/parallel/metadata.txt,LIST,$6.99,LIST,25,no Blurb (trim not offered)
QM-03,Quiet Mind Press,2,99,The Night Pages: An Insomnia Journal for 3 A.M.,A 5 by 8 Pocket Nightstand Journal for Racing Thoughts,Quiet Mind Press,Quiet Mind Journals,"5"" × 8""",120,cream,Self-Help / Journaling | Self-Help / Anxieties & Phobias,"['insomnia journal undated', '3am journal', ""can't sleep notebook"", 'racing thoughts journal', 'bedside pocket journal', 'night anxiety writing', 'worry dump journal']",$9.99,release3/night/night_interior.pdf,release3/night/night_cover_wrap.pdf,cover.jpg + listing_02-05_interior.jpg + listing_06_callout.jpg + listing_07_series.jpg,release3/night/metadata.txt,LIST,$6.99,NONE,32,no hardcover (5x8 not a KDP HC trim)
QM-04,Quiet Mind Press,2,99,First Strokes: Easy Coloring Book for Adult Beginners,37 Super Simple Designs with 3 to 5 Large Shapes per Page,Quiet Mind Press,Quiet Mind Color,"8.5"" × 11""",100,white,Crafts / Coloring Books | Self-Help / Stress Management,"['easy coloring book for adults', 'large print coloring book for seniors', 'thick lines coloring book', 'simple coloring book for seniors', 'beginner coloring book adults', 'large shapes coloring', 'marker friendly coloring book']",$9.99,release3/firststroke/firststroke_interior.pdf,release3/firststroke/firststroke_cover_wrap.pdf,cover.jpg + listing_02-05_interior.jpg + listing_06_callout.jpg + listing_07_series.jpg,release3/firststroke/metadata.txt,HOLD,$6.99,HOLD,13,"no Blurb (trim not offered); BN HOLD (<120pp) — kit on disk, do not upload; HC HOLD (coloring) — kit on disk, do not upload"
QM-05,Quiet Mind Press,2,99,Easy Garden: Bold and Easy Flower Coloring Book for Adults,47 Big and Simple Designs with Thick Lines,Quiet Mind Press,Quiet Mind Color,"8.5"" × 11""",100,white,Crafts / Coloring Books | Crafts / Nature,"['bold and easy coloring book for adults', 'flower coloring book large print', 'thick line coloring book for adults', 'simple garden coloring book', 'flower coloring book for adults', 'beginner flower coloring book', 'garden coloring book for adults']",$9.99,release3/garden/garden_interior.pdf,release3/garden/garden_cover_wrap.pdf,cover.jpg + listing_02-05_interior.jpg + listing_06_callout.jpg + listing_07_series.jpg,release3/garden/metadata.txt,HOLD,$6.99,HOLD,8,"no Blurb (trim not offered); BN HOLD (<120pp) — kit on disk, do not upload; HC HOLD (coloring) — kit on disk, do not upload"
QM-06,Quiet Mind Press,2,99,Mosaic Mind: Geometric Coloring Book for Adults,"57 Stained-Glass Mosaics, Tessellations and Islamic Stars",Quiet Mind Press,Quiet Mind Color,"8.5"" × 11""",120,white,Crafts / Coloring Books | Crafts / Mandalas & Patterns,"['mosaic coloring book for adults', 'stained glass coloring book', 'geometric coloring book adults', 'tessellation coloring book', 'islamic star coloring book', 'celtic knot coloring', 'geometric coloring book for men']",$9.99,release3/mosaic/mosaic_interior.pdf,release3/mosaic/mosaic_cover_wrap.pdf,cover.jpg + listing_02-05_interior.jpg + listing_06_callout.jpg + listing_07_series.jpg,release3/mosaic/metadata.txt,LIST,$6.99,HOLD,15,"no Blurb (trim not offered); HC HOLD (coloring) — kit on disk, do not upload"
QM-07,Quiet Mind Press,2,99,Woodland Wonders: Forest Animals Coloring Book for Adults,"57 Cottagecore Designs: Owls, Foxes, Mushrooms and Ferns",Quiet Mind Press,Quiet Mind Color,"8.5"" × 11""",120,white,Crafts / Coloring Books | Crafts / Animals,"['woodland animals coloring book', 'forest coloring book adults', 'cottagecore coloring forest', 'mushroom coloring book adults', 'cottagecore coloring book', 'nature scenes coloring book', 'wildlife coloring book adults']",$9.99,release3/woodland/woodland_interior.pdf,release3/woodland/woodland_cover_wrap.pdf,cover.jpg + listing_02-05_interior.jpg + listing_06_callout.jpg + listing_07_series.jpg,release3/woodland/metadata.txt,LIST,$6.99,HOLD,38,"no Blurb (trim not offered); HC HOLD (coloring) — kit on disk, do not upload"
QM-08,Quiet Mind Press,2,99,Fractal Dreams: Advanced Mathematical Coloring Book,"67 Real Fractals: Sierpinski, Julia Sets and Golden Spirals",Quiet Mind Press,Quiet Mind Color,"8.5"" × 11""",140,white,Crafts / Coloring Books | Crafts / Mandalas & Patterns,"['fractal coloring book adults', 'real mathematics coloring', 'sacred geometry coloring book', 'advanced intricate coloring', 'sierpinski coloring pages', 'complex pattern coloring book', 'math coloring book for adults']",$9.99,release3/fractal/fractal_interior.pdf,release3/fractal/fractal_cover_wrap.pdf,cover.jpg + listing_02-05_interior.jpg + listing_06_callout.jpg + listing_07_series.jpg,release3/fractal/metadata.txt,LIST,$6.99,HOLD,24,"no Blurb (trim not offered); HC HOLD (coloring) — kit on disk, do not upload"
QM-09,Quiet Mind Press,2,99,Architectural Visions: Cathedral and Cityscape Coloring Book for Adults,"67 Intricate Cathedrals, Cityscapes and Rose Windows",Quiet Mind Press,Quiet Mind Color,"8.5"" × 11""",140,white,Crafts / Coloring Books | Crafts / Architecture,"['architecture coloring book for adults', 'cathedral coloring book', 'gothic coloring book for adults', 'cityscape coloring book for adults', 'travel coloring book for adults', 'stained glass windows coloring', 'building coloring book for adults']",$9.99,release3/architect/architect_interior.pdf,release3/architect/architect_cover_wrap.pdf,cover.jpg + listing_02-05_interior.jpg + listing_06_callout.jpg + listing_07_series.jpg,release3/architect/metadata.txt,LIST,$6.99,HOLD,22,"no Blurb (trim not offered); HC HOLD (coloring) — kit on disk, do not upload"
QM-10,Quiet Mind Press,2,99,Settle: A Somatic Journal for a Wired Nervous System,"Daily Body Tracking with No Protocol and No Streaks, Undated",Quiet Mind Press,Quiet Mind Journals,"6"" × 9""",172,cream,Self-Help / Journaling | Self-Help / Stress Management,"['somatic journal undated', 'grounding journal for anxiety', 'nervous system journal', 'body scan notebook', 'settle journal', 'trauma informed journal', 'regulation tracking journal']",$9.99,release4/settle/settle_interior.pdf,release4/settle/settle_cover_wrap.pdf,cover.jpg + listing_02-05_interior.jpg + listing_06_callout.jpg + listing_07_series.jpg,release4/settle/metadata.txt,LIST,$4.99,LIST,51,$4.99 large-pool attractor
QM-13,Quiet Mind Press,2,99,The Slow Page: A Slow Living Journal for Four Seasons,One Unhurried Page a Day for Four Seasons,Quiet Mind Press,Quiet Mind Journals,"6"" × 9""",144,cream,Self-Help / Journaling | Self-Help / Motivational,"['slow living journal', 'seasonal living notebook', 'hygge daily journal', 'intentional living journal', 'four seasons journal', 'unhurried morning pages', 'quiet life journal']",$9.99,release4/slow/slow_interior.pdf,release4/slow/slow_cover_wrap.pdf,cover.jpg + listing_02-05_interior.jpg + listing_06_callout.jpg + listing_07_series.jpg,release4/slow/metadata.txt,LIST,$6.99,LIST,33,
QM-16,Quiet Mind Press,2,99,Botanical Ink: Fine-Line Floral Coloring Book for Adults,49 Herbarium Plates with Real Phyllotaxis Spirals,Quiet Mind Press,Quiet Mind Color,"8.5"" × 11""",104,white,Crafts / Coloring Books | Arts / Drawing,"['botanical coloring book adults', 'fine line floral coloring', 'herbarium coloring book', 'vintage botanical line art', 'detailed flower coloring adults', 'botanical garden coloring book', 'plant lover coloring book']",$9.99,release4/botanical/botanical_interior.pdf,release4/botanical/botanical_cover_wrap.pdf,cover.jpg + listing_02-05_interior.jpg + listing_06_callout.jpg + listing_07_series.jpg,release4/botanical/metadata.txt,HOLD,$6.99,HOLD,31,"no Blurb (trim not offered); BN HOLD (<120pp) — kit on disk, do not upload; HC HOLD (coloring) — kit on disk, do not upload"
QM-17,Quiet Mind Press,2,99,Celestial Atlas: Constellation Coloring Book for Adults,49 Constellation Plates from Real Star Positions,Quiet Mind Press,Quiet Mind Color,"8.5"" × 11""",104,white,Crafts / Coloring Books | Arts / Drawing,"['constellation coloring book', 'celestial coloring book adults', 'real star map coloring', 'moon phases coloring book', 'astronomy coloring adults', 'galaxy fine line coloring', 'night sky coloring book']",$9.99,release4/celestial/celestial_interior.pdf,release4/celestial/celestial_cover_wrap.pdf,cover.jpg + listing_02-05_interior.jpg + listing_06_callout.jpg + listing_07_series.jpg,release4/celestial/metadata.txt,HOLD,$6.99,HOLD,46,"no Blurb (trim not offered); BN HOLD (<120pp) — kit on disk, do not upload; HC HOLD (coloring) — kit on disk, do not upload"
QM-18,Quiet Mind Press,2,99,Tidal Ink: Jellyfish and Deep-Sea Fine-Line Coloring Book for Adults,49 Fine-Line Deep-Sea Plates from Real Logarithmic Spirals,Quiet Mind Press,Quiet Mind Color,"8.5"" × 11""",104,white,Crafts / Coloring Books | Crafts / Animals,"['jellyfish coloring book adults', 'ocean coloring book adults', 'nautilus spiral coloring', 'deep sea coloring book', 'marine life fine line coloring', 'coastal coloring book adults', 'underwater coloring pages']",$9.99,release4/tidal/tidal_interior.pdf,release4/tidal/tidal_cover_wrap.pdf,cover.jpg + listing_02-05_interior.jpg + listing_06_callout.jpg + listing_07_series.jpg,release4/tidal/metadata.txt,HOLD,$6.99,HOLD,37,"no Blurb (trim not offered); BN HOLD (<120pp) — kit on disk, do not upload; HC HOLD (coloring) — kit on disk, do not upload"
RB-01,Range Band Press,1,1,GLP-1 Meal & Satiety Journal,"Undated 8-Week Protein, Fiber & Hunger Tracker (Two-Page Daily Spreads)",Range Band Press,GLP-1 TRACKING SERIES,"6"" × 9""",131,white,HEALTH & FITNESS / Diet & Nutrition / Nutrition  (HEA019000) | HEALTH & FITNESS / Weight Loss  (HEA006000),"['glp-1 meal journal', 'semaglutide food diary', 'protein fiber tracker undated', 'hunger scale notebook', 'satiety log book', 'weight loss meal tracker', 'injection day food journal']",$9.99,01_GLP1_Meal_and_Satiety/01_GLP1_Meal_and_Satiety_interior.pdf,01_GLP1_Meal_and_Satiety/01_GLP1_Meal_and_Satiety_COVER_WRAP.pdf,none (listing images not built for RB),01_GLP1_Meal_and_Satiety/listing.txt,LIST,$9.99,not built,52,
RB-05,Range Band Press,1,2,GLP-1 Hunger & Craving Mood Log,"90-Day Four-Quadrant Tracker for Mood, Intensity & What I Did Instead",Range Band Press,GLP-1 TRACKING SERIES,"6"" × 9""",113,white,HEALTH & FITNESS / Diet & Nutrition / Nutrition  (HEA019000) | SELF-HELP / Eating Disorders & Body Image  (SEL014000),"['craving tracker journal', 'glp-1 hunger log', 'emotional eating diary undated', 'what i did instead notebook', 'appetite awareness journal', '90 day craving log', 'mood food tracker']",$9.99,05_GLP1_Hunger_Craving/05_GLP1_Hunger_Craving_interior.pdf,05_GLP1_Hunger_Craving/05_GLP1_Hunger_Craving_COVER_WRAP.pdf,none (listing images not built for RB),05_GLP1_Hunger_Craving/listing.txt,LIST,$9.99,not built,39,
RB-09,Range Band Press,1,3,GLP-1 Injection Sticker Calendar,Undated 12-Month 8.5 x 11 Log with Site Map & Refill Pages,Range Band Press,GLP-1 TRACKING SERIES,"8.5"" × 11""",98,white,HEALTH & FITNESS / Diseases / General  (HEA039000) | NON-CLASSIFIABLE  (NON000000),"['glp-1 injection calendar', 'sticker shot planner 8.5x11', 'site rotation tracker book', 'weekly injection log calendar', 'undated med calendar', 'semaglutide sticker journal', 'refill reminder calendar']",$9.99,09_GLP1_Injection_Calendar/09_GLP1_Injection_Calendar_interior.pdf,09_GLP1_Injection_Calendar/09_GLP1_Injection_Calendar_COVER_WRAP.pdf,none (listing images not built for RB),09_GLP1_Injection_Calendar/listing.txt,LIST,$9.99,not built,43,Empty QR box
RB-30,Range Band Press,1,4,PMDD & Cycle Mood Chart,"6-Cycle Daily Mood, Irritability & Luteal Flag Tracker (Not a Diagnosis)",Range Band Press,WELLNESS COMPANION SERIES,"6"" × 9""",188,white,HEALTH & FITNESS / Menopause  (HEA024000) | HEALTH & FITNESS / Women's Health  (HEA028000),"['pmdd tracker journal', 'luteal phase mood chart', '6 cycle daily mood log', 'premenstrual irritability diary', 'hormone mood notebook undated', 'pmdd symptom severity log', 'flag day cycle journal']",$9.99,30_PMDD_Cycle/30_PMDD_Cycle_interior.pdf,30_PMDD_Cycle/30_PMDD_Cycle_COVER_WRAP.pdf,none (listing images not built for RB),30_PMDD_Cycle/listing.txt,LIST,$9.99,not built,47,
RB-10,Range Band Press,1,5,Sober Curious 90-Day Journal,"Gender-Neutral Trigger, Craving & Gratitude Tracker (Not 12-Step)",Range Band Press,WELLNESS TRACKING SERIES,"6"" × 9""",113,white,SELF-HELP / Substance Abuse & Addictions / Alcohol  (SEL026000) | SELF-HELP / Affirmations  (SEL006000),"['sober curious journal', '90 day sober tracker', 'alcohol craving log undated', 'dry january journal', 'gender neutral recovery notebook', 'sober october diary', 'not 12 step journal']",$9.99,10_Sobriety_90/10_Sobriety_90_interior.pdf,10_Sobriety_90/10_Sobriety_90_COVER_WRAP.pdf,none (listing images not built for RB),10_Sobriety_90/listing.txt,LIST,$9.99,not built,35,
RB-12,Range Band Press,1,6,Migraine Weather & Trigger Diary,"Pain Map, Aura Checklist, Barometric Pressure Log & Monthly Dashboard",Range Band Press,WELLNESS TRACKING SERIES,"6"" × 9""",97,white,HEALTH & FITNESS / Diseases / Nervous System (incl. Brain)  (HEA039050) | HEALTH & FITNESS / Pain Management  (HEA009000),"['migraine tracker journal', 'headache weather diary', 'barometric pressure log', 'aura symptom notebook', 'pain map headache journal', 'undated migraine log', 'trigger diary for migraines']",$9.99,12_Migraine_Weather/12_Migraine_Weather_interior.pdf,12_Migraine_Weather/12_Migraine_Weather_COVER_WRAP.pdf,none (listing images not built for RB),12_Migraine_Weather/listing.txt,LIST,$9.99,not built,40,
RB-02,Range Band Press,2,99,GLP-1 Side Effect Tracker,Weekly Symptom Log with Severity Grids & Clinic Visit Prep Pages,Range Band Press,GLP-1 TRACKING SERIES,"6"" × 9""",92,white,HEALTH & FITNESS / Diseases / General  (HEA039000) | HEALTH & FITNESS / Women's Health  (HEA028000),"['glp-1 side effect tracker', 'semaglutide symptom diary', 'nausea constipation log', 'weekly severity grid journal', 'clinic visit prep notebook', 'injection site symptom log', 'undated gi side effect diary']",$9.99,02_GLP1_Side_Effect_Diary/02_GLP1_Side_Effect_Diary_interior.pdf,02_GLP1_Side_Effect_Diary/02_GLP1_Side_Effect_Diary_COVER_WRAP.pdf,none (listing images not built for RB),02_GLP1_Side_Effect_Diary/listing.txt,LIST,$9.99,not built,11,
RB-03,Range Band Press,3,99,GLP-1 Plateau Breaker 30-Day Challenge Planner,"Daily Habit Grid, Mindset Prompts & Encore Cycle (Undated)",Range Band Press,GLP-1 TRACKING SERIES,"6"" × 9""",107,white,HEALTH & FITNESS / Diet & Nutrition / Nutrition  (HEA019000) | SELF-HELP / Motivational & Inspirational  (SEL020000),"['weight loss plateau journal', 'glp-1 30 day challenge', 'plateau breaker habit tracker', 'undated challenge planner', 'protein habit grid book', 'mindset prompt journal women', 'encore cycle planner']",$9.99,03_GLP1_Plateau_Breaker/03_GLP1_Plateau_Breaker_interior.pdf,03_GLP1_Plateau_Breaker/03_GLP1_Plateau_Breaker_COVER_WRAP.pdf,none (listing images not built for RB),03_GLP1_Plateau_Breaker/listing.txt,LIST,$9.99,not built,29,Empty QR box
RB-04,Range Band Press,4,99,GLP-1 Maintenance Phase Tracker,"12-Month Range Band, Refill Log & Relapse-Risk Journal",Range Band Press,GLP-1 TRACKING SERIES,"6"" × 9""",85,white,HEALTH & FITNESS / Diet & Nutrition / Nutrition  (HEA019000) | HEALTH & FITNESS / Women's Health  (HEA028000),"['weight maintenance journal', 'glp-1 maintenance tracker', 'range band weight log', 'refill reminder notebook', 'post shot maintenance diary', '12 month health tracker', 'relapse prevention journal']",$9.99,04_GLP1_Maintenance/04_GLP1_Maintenance_interior.pdf,04_GLP1_Maintenance/04_GLP1_Maintenance_COVER_WRAP.pdf,none (listing images not built for RB),04_GLP1_Maintenance/listing.txt,LIST,$9.99,not built,4,
RB-06,Range Band Press,3,99,GLP-1 Fitness & Step Companion,"32-Week Strength, Cardio & Recovery Log (Undated)",Range Band Press,GLP-1 TRACKING SERIES,"6"" × 9""",85,white,HEALTH & FITNESS / Exercise / General  (HEA007000) | HEALTH & FITNESS / Diet & Nutrition / Nutrition  (HEA019000),"['glp-1 workout log', 'strength training while losing', 'step tracker journal undated', 'muscle preservation log book', 'rpe fitness notebook', 'walking habit tracker', 'recovery lifting diary']",$9.99,06_GLP1_Fitness/06_GLP1_Fitness_interior.pdf,06_GLP1_Fitness/06_GLP1_Fitness_COVER_WRAP.pdf,none (listing images not built for RB),06_GLP1_Fitness/listing.txt,LIST,$9.99,not built,5,
RB-07,Range Band Press,2,99,GLP-1 Titration Log (Pocket 5x8),Weekly Dose-as-Prescribed Notebook with Pen & Refill Reminders,Range Band Press,GLP-1 TRACKING SERIES,"5"" × 8""",78,white,HEALTH & FITNESS / Diseases / General  (HEA039000) | HEALTH & FITNESS / Reference  (HEA020000),"['glp-1 titration log', 'pocket injection notebook', 'dose as prescribed journal', 'pen refill tracker 5x8', 'weekly shot date log', 'semaglutide dose notebook', 'undated med pocket log']",$9.99,07_GLP1_Titration_Pocket/07_GLP1_Titration_Pocket_interior.pdf,07_GLP1_Titration_Pocket/07_GLP1_Titration_Pocket_COVER_WRAP.pdf,none (listing images not built for RB),07_GLP1_Titration_Pocket/listing.txt,LIST,$9.99,not built,6,; spine OFF (78pp<79)
RB-08,Range Band Press,2,99,Non-Scale Victories Gratitude Journal,"120-Day GLP-1 Progress Log for Energy, Clothing Fit & Labs",Range Band Press,GLP-1 TRACKING SERIES,"6"" × 9""",131,white,SELF-HELP / Personal Growth / Happiness  (SEL016000) | HEALTH & FITNESS / Diet & Nutrition / Nutrition  (HEA019000),"['non scale victory journal', 'glp-1 gratitude journal', 'clothing fit tracker', 'body kindness diary women', 'undated nsv notebook', 'weight loss mindset journal', '120 day gratitude log']",$9.99,08_GLP1_NSV_Gratitude/08_GLP1_NSV_Gratitude_interior.pdf,08_GLP1_NSV_Gratitude/08_GLP1_NSV_Gratitude_COVER_WRAP.pdf,none (listing images not built for RB),08_GLP1_NSV_Gratitude/listing.txt,LIST,$9.99,not built,34,
RB-11,Range Band Press,3,99,Intermittent Fasting Window Tracker,12-Week 16:8 / Custom Fast Log with 24-Hour Timeline Bars,Range Band Press,WELLNESS TRACKING SERIES,"6"" × 9""",107,white,HEALTH & FITNESS / Diet & Nutrition / Nutrition  (HEA019000) | HEALTH & FITNESS / Weight Loss  (HEA006000),"['intermittent fasting log', '16 8 fasting tracker', 'fasting window journal', '24 hour timeline food diary', 'time restricted eating log', '12 week if notebook', 'undated fasting tracker']",$9.99,11_IF_Window_Tracker/11_IF_Window_Tracker_interior.pdf,11_IF_Window_Tracker/11_IF_Window_Tracker_COVER_WRAP.pdf,none (listing images not built for RB),11_IF_Window_Tracker/listing.txt,LIST,$9.99,not built,26,
RB-13,Range Band Press,4,99,ADHD Medication & Focus Log,"90-Day Dose Tracker, Pomodoro Focus Boxes & Dopamine Stamp Pages",Range Band Press,WELLNESS TRACKING SERIES,"6"" × 9""",113,white,HEALTH & FITNESS / Diseases / Nervous System  (HEA039110) | SELF-HELP / Personal Growth / Success  (SEL014000),"['adhd medication log book', 'stimulant dose as prescribed', 'pomodoro focus tracker', 'adhd daily focus boxes', 'wear off crash journal', 'undated adhd med notebook', 'copy the bottle log']",$9.99,13_ADHD_Focus_Log/13_ADHD_Focus_Log_interior.pdf,13_ADHD_Focus_Log/13_ADHD_Focus_Log_COVER_WRAP.pdf,none (listing images not built for RB),13_ADHD_Focus_Log/listing.txt,LIST,$9.99,not built,17,
RB-14,Range Band Press,4,99,Perimenopause Symptom & Mood Chart,"90-Day Hot Flash, Sleep Wheel & Cycle Timeline Tracker",Range Band Press,WELLNESS TRACKING SERIES,"6"" × 9""",107,white,HEALTH & FITNESS / Women's Health  (HEA028000) | HEALTH & FITNESS / Menopause  (HEA024000),"['hot flash tracker journal', 'sleep wheel peri chart', 'night sweat log book', 'cycle timeline notebook', 'peri symptom tally journal', 'undated hot flash diary', 'clinic questions peri log']",$9.99,14_Perimenopause_Chart/14_Perimenopause_Chart_interior.pdf,14_Perimenopause_Chart/14_Perimenopause_Chart_COVER_WRAP.pdf,none (listing images not built for RB),14_Perimenopause_Chart/listing.txt,LIST,$9.99,not built,1,
RB-15,Range Band Press,3,99,Low FODMAP Food & Symptom Diary,8-Week Gut Tracker with Bristol Chart & Reintroduction Cards,Range Band Press,WELLNESS TRACKING SERIES,"6"" × 9""",88,white,HEALTH & FITNESS / Diseases / Gastrointestinal  (HEA039010) | HEALTH & FITNESS / Diet & Nutrition / Nutrition  (HEA019000),"['low fodmap food diary', 'ibs symptom tracker journal', 'bristol stool log book', 'elimination diet notebook', 'gut latency food journal', 'reintroduction food cards', 'undated fodmap diary']",$9.99,15_FODMAP_Gut_Diary/15_FODMAP_Gut_Diary_interior.pdf,15_FODMAP_Gut_Diary/15_FODMAP_Gut_Diary_COVER_WRAP.pdf,none (listing images not built for RB),15_FODMAP_Gut_Diary/listing.txt,LIST,$9.99,not built,10,
RB-16,Range Band Press,4,99,Digital Detox 30-Day Screen Time Workbook,"Daily Usage Bar, Dopamine Trigger Log & Real-World Habit Substitutions",Range Band Press,WELLNESS TRACKING SERIES,"6"" × 9""",96,white,SELF-HELP / Self-Management / Time Management  (SEL027000) | SELF-HELP / Green Lifestyle  (SEL043000),"['screen time journal 30 day', 'phone habit tracker workbook', 'digital wellbeing log', 'real world substitution journal', 'attention journal undated', 'social media hours tracker', 'unplug 30 day notebook']",$9.99,16_Digital_Detox_30/16_Digital_Detox_30_interior.pdf,16_Digital_Detox_30/16_Digital_Detox_30_COVER_WRAP.pdf,none (listing images not built for RB),16_Digital_Detox_30/listing.txt,LIST,$9.99,not built,14,
RB-17,Range Band Press,4,99,Postpartum Recovery Planner,12-Week Pelvic Floor PT Homework Tracker (Not an Exercise Program),Range Band Press,WELLNESS TRACKING SERIES,"6"" × 9""",102,white,HEALTH & FITNESS / Pregnancy & Childbirth  (HEA044000) | HEALTH & FITNESS / Women's Health  (HEA028000),"['postpartum recovery journal', 'pelvic floor pt homework log', 'c section recovery tracker', '12 week new mom planner', 'assigned homework notebook', 'undated postpartum log', 'stitches incision care diary']",$9.99,17_Postpartum_Recovery/17_Postpartum_Recovery_interior.pdf,17_Postpartum_Recovery/17_Postpartum_Recovery_COVER_WRAP.pdf,none (listing images not built for RB),17_Postpartum_Recovery/listing.txt,LIST,$9.99,not built,23,Empty QR box
RB-18,Range Band Press,3,99,Autoimmune Flare & Energy Journal,"90-Day Spoon Tracker, Symptom Grid & Medication-as-Prescribed Log",Range Band Press,WELLNESS TRACKING SERIES,"6"" × 9""",113,white,HEALTH & FITNESS / Diseases / General  (HEA039000) | HEALTH & FITNESS / Diseases / Immune System  (HEA039020),"['spoon theory journal', 'autoimmune flare tracker', 'chronic illness energy log', 'fatigue pain grid notebook', 'undated flare diary', 'medication as prescribed log', 'immune symptom journal']",$9.99,18_Autoimmune_Flare/18_Autoimmune_Flare_interior.pdf,18_Autoimmune_Flare/18_Autoimmune_Flare_COVER_WRAP.pdf,none (listing images not built for RB),18_Autoimmune_Flare/listing.txt,LIST,$9.99,not built,36,
RB-19,Range Band Press,2,99,GLP-1 High-Protein Grocery & Meal Prep Planner,"12-Week Shopping Lists, Batch-Cook Logs & Fridge Maps (Undated)",Range Band Press,GLP-1 COMPANION SERIES,"6"" × 9""",136,white,HEALTH & FITNESS / Diet & Nutrition / Food Content Guides  (HEA017000) | HEALTH & FITNESS / Diet & Nutrition / Nutrition  (HEA019000),"['high protein grocery planner', 'glp-1 meal prep journal', 'batch cooking log book', 'fridge map leftover tracker', '12 week shopping list book', 'semaglutide grocery planner', 'undated protein meal prep']",$9.99,19_GLP1_Protein_Grocery/19_GLP1_Protein_Grocery_interior.pdf,19_GLP1_Protein_Grocery/19_GLP1_Protein_Grocery_COVER_WRAP.pdf,none (listing images not built for RB),19_GLP1_Protein_Grocery/listing.txt,LIST,$9.99,not built,41,
RB-20,Range Band Press,3,99,"GLP-1 Restaurant, Travel & Social Event Log","60 Eating-Out Pages, 12 Trip Kits & Usual-Order Cards",Range Band Press,GLP-1 COMPANION SERIES,"6"" × 9""",85,white,HEALTH & FITNESS / Diet & Nutrition / Nutrition  (HEA019000) | TRAVEL / Special Interest / General  (TRV026000),"['restaurant food diary undated', 'eating out journal glp-1', 'travel meal log book', 'usual order cards notebook', 'social event food tracker', 'trip kit health journal', 'dining out fullness log']",$9.99,20_GLP1_Out_and_About/20_GLP1_Out_and_About_interior.pdf,20_GLP1_Out_and_About/20_GLP1_Out_and_About_COVER_WRAP.pdf,none (listing images not built for RB),20_GLP1_Out_and_About/listing.txt,LIST,$9.99,not built,3,
RB-21,Range Band Press,4,99,"GLP-1 Measurements, Photos & Lab Archive","12-Month Inches, Clothing, Photo Log & Blank Lab Copy Sheets",Range Band Press,GLP-1 COMPANION SERIES,"6"" × 9""",85,white,HEALTH & FITNESS / Diet & Nutrition / Nutrition  (HEA019000) | HEALTH & FITNESS / Reference  (HEA020000),"['body measurement journal inches', 'clothing size log book', 'progress photo tracker undated', 'lab results copy sheets', 'waist hip notebook', 'glp-1 progress binder', '12 month measurement diary']",$9.99,21_GLP1_Archive/21_GLP1_Archive_interior.pdf,21_GLP1_Archive/21_GLP1_Archive_COVER_WRAP.pdf,none (listing images not built for RB),21_GLP1_Archive/listing.txt,LIST,$9.99,not built,2,
RB-22,Range Band Press,2,99,"GLP-1 Sleep, Bowel & Hydration Companion","90-Day Bristol Chart, Sleep Quality & Water Tally (Undated)",Range Band Press,GLP-1 COMPANION SERIES,"6"" × 9""",110,white,HEALTH & FITNESS / Diseases / Gastrointestinal  (HEA039010) | HEALTH & FITNESS / Sleep  (HEA043000),"['bristol stool diary glp-1', 'constipation tracker journal', 'hydration log book undated', 'sleep bowel water companion', '90 day bathroom diary', 'semaglutide gi companion', 'water intake tally journal']",$9.99,22_GLP1_Sleep_Bowel_Water/22_GLP1_Sleep_Bowel_Water_interior.pdf,22_GLP1_Sleep_Bowel_Water/22_GLP1_Sleep_Bowel_Water_COVER_WRAP.pdf,none (listing images not built for RB),22_GLP1_Sleep_Bowel_Water/listing.txt,LIST,$9.99,not built,30,
RB-23,Range Band Press,3,99,GLP-1 Body Image & Mindset Journal,90 Unique Prompts for a Changing Body (Undated Truce Practice),Range Band Press,GLP-1 COMPANION SERIES,"6"" × 9""",110,white,SELF-HELP / Eating Disorders & Body Image  (SEL014000) | SELF-HELP / Personal Growth / Happiness  (SEL016000),"['body image journal 90 day', 'changing body prompt journal', 'self compassion notebook undated', 'weight loss feelings diary', 'unique prompts no repeats', 'glp-1 mindset journal', 'body truce practice book']",$9.99,23_GLP1_Body_Image/23_GLP1_Body_Image_interior.pdf,23_GLP1_Body_Image/23_GLP1_Body_Image_COVER_WRAP.pdf,none (listing images not built for RB),23_GLP1_Body_Image/listing.txt,LIST,$9.99,not built,27,
RB-24,Range Band Press,2,99,GLP-1 Weekly Review & Clinic Brief Binder,52 Weeks of Review Spreads + One-Page Clinician Briefs,Range Band Press,GLP-1 COMPANION SERIES,"6"" × 9""",115,white,HEALTH & FITNESS / Reference  (HEA020000) | HEALTH & FITNESS / Diseases / General  (HEA039000),"['clinic visit journal 52 week', 'one page doctor brief', 'weekly health review notebook', 'patient appointment notes', 'glp-1 weekly log book', 'undated medical visit journal', 'clinician handoff notebook']",$9.99,24_GLP1_Weekly_Brief/24_GLP1_Weekly_Brief_interior.pdf,24_GLP1_Weekly_Brief/24_GLP1_Weekly_Brief_COVER_WRAP.pdf,none (listing images not built for RB),24_GLP1_Weekly_Brief/listing.txt,LIST,$9.99,not built,50,
RB-25,Range Band Press,2,99,GLP-1 Shot Day 0-48 Hour Pocket Log,5x8 Two-Page Cycles: Injection Day + Next 48 Hours (36 Cycles),Range Band Press,GLP-1 COMPANION SERIES,"5"" × 8""",79,white,HEALTH & FITNESS / Diseases / General  (HEA039000) | HEALTH & FITNESS / Reference  (HEA020000),"['injection day pocket journal', '0 48 hour shot log', 'glp-1 shot day notebook', '5x8 side effect diary', 'next 48 hours tracker', 'weekly injection pocket log', 'undated shot notebook 5x8']",$9.99,25_GLP1_Shot_Day_Pocket/25_GLP1_Shot_Day_Pocket_interior.pdf,25_GLP1_Shot_Day_Pocket/25_GLP1_Shot_Day_Pocket_COVER_WRAP.pdf,none (listing images not built for RB),25_GLP1_Shot_Day_Pocket/listing.txt,LIST,$9.99,not built,7,
RB-26,Range Band Press,4,99,GLP-1 Protein Kitchen Recipe & Leftover Log,60 Blank Recipe Cards + 30 Leftover Logs (Not a Cookbook),Range Band Press,GLP-1 COMPANION SERIES,"6"" × 9""",98,white,COOKING / General  (CKB000000) | HEALTH & FITNESS / Diet & Nutrition / Nutrition  (HEA019000),"['what sat well recipe log', 'protein leftover journal', 'blank recipe cards protein', 'glp-1 kitchen notebook', 'make again retire cards', 'undated recipe log book', 'meal prep leftover tracker']",$9.99,26_GLP1_Protein_Kitchen/26_GLP1_Protein_Kitchen_interior.pdf,26_GLP1_Protein_Kitchen/26_GLP1_Protein_Kitchen_COVER_WRAP.pdf,none (listing images not built for RB),26_GLP1_Protein_Kitchen/listing.txt,LIST,$9.99,not built,16,
RB-27,Range Band Press,3,99,GLP-1 Five-Minute Morning Pages,120 Compact Daily Pages for People Who Won't Fill a Spread,Range Band Press,GLP-1 COMPANION SERIES,"6"" × 9""",130,white,SELF-HELP / Journaling  (SEL010000) | HEALTH & FITNESS / Diet & Nutrition / Nutrition  (HEA019000),"['glp-1 five minute journal', 'compact daily shot log', 'short morning pages undated', '120 day one sentence diary', 'minimalist glp-1 tracker', 'quick protein daily log', 'people who wont fill a spread']",$9.99,27_GLP1_Five_Minute/27_GLP1_Five_Minute_interior.pdf,27_GLP1_Five_Minute/27_GLP1_Five_Minute_COVER_WRAP.pdf,none (listing images not built for RB),27_GLP1_Five_Minute/listing.txt,LIST,$9.99,not built,48,
RB-28,Range Band Press,4,99,Anxiety & Panic Sensation Log,"90 Unique Prompts, Body-First Tracking & Peak Timing (Not a Protocol)",Range Band Press,WELLNESS COMPANION SERIES,"6"" × 9""",110,white,SELF-HELP / Anxieties & Phobias  (SEL020000) | PSYCHOLOGY / Psychopathology / Anxieties & Phobias  (PSY022000),"['anxiety journal unique prompts', 'panic sensation log undated', 'body first anxiety notebook', 'peak and pass tracker', '90 day panic diary', 'therapist homework journal', 'worry loop checkbox log']",$9.99,28_Anxiety_Panic/28_Anxiety_Panic_interior.pdf,28_Anxiety_Panic/28_Anxiety_Panic_COVER_WRAP.pdf,none (listing images not built for RB),28_Anxiety_Panic/listing.txt,LIST,$9.99,not built,18,
RB-29,Range Band Press,4,99,Sleep Window & Wind-Down Diary,"12-Week Sleep Diary: Latency, WASO, Rise Time & Wind-Down (Tracking Only)",Range Band Press,WELLNESS COMPANION SERIES,"6"" × 9""",104,white,HEALTH & FITNESS / Sleep  (HEA043000) | SELF-HELP / Self-Management / General  (SEL032000),"['waso sleep diary journal', 'clinical sleep log 12 week', 'sleep latency tracker', 'wind down checkbox diary', 'insomnia tracking notebook', 'rise time sleep journal', 'undated sleep window log']",$9.99,29_Sleep_Window/29_Sleep_Window_interior.pdf,29_Sleep_Window/29_Sleep_Window_COVER_WRAP.pdf,none (listing images not built for RB),29_Sleep_Window/listing.txt,LIST,$9.99,not built,21,
RB-31,Range Band Press,4,99,Glucose & Meal Timing Log,90-Day Meter/CGM Copy Sheets & Meal Context (Not a Dosing Protocol),Range Band Press,WELLNESS COMPANION SERIES,"6"" × 9""",110,white,HEALTH & FITNESS / Diseases / Diabetes  (HEA039140) | HEALTH & FITNESS / Diet & Nutrition / Nutrition  (HEA019000),"['blood sugar log book undated', 'cgm companion journal', 'glucose meal timing diary', 'meter reading copy sheets', '90 day diabetes tracker', 'not a dosing protocol log', 'undated glucose notebook']",$9.99,31_Glucose_Meal/31_Glucose_Meal_interior.pdf,31_Glucose_Meal/31_Glucose_Meal_COVER_WRAP.pdf,none (listing images not built for RB),31_Glucose_Meal/listing.txt,LIST,$9.99,not built,20,
RB-32,Range Band Press,4,99,Chronic Pain Body Map & Flare Diary,"72 Flare Pages, Front/Back Maps, Monthly Function Dashboards",Range Band Press,WELLNESS COMPANION SERIES,"6"" × 9""",92,white,HEALTH & FITNESS / Pain Management  (HEA009000) | HEALTH & FITNESS / Diseases / General  (HEA039000),"['chronic pain body map', 'flare tracker diary undated', 'pain function log book', 'front back pain journal', 'monthly pain dashboard', 'chronic illness flare notebook', '72 flare pages diary']",$9.99,32_Chronic_Pain/32_Chronic_Pain_interior.pdf,32_Chronic_Pain/32_Chronic_Pain_COVER_WRAP.pdf,none (listing images not built for RB),32_Chronic_Pain/listing.txt,LIST,$9.99,not built,12,
RB-33,Range Band Press,4,99,Grief & Loss 90-Day Journal,"90 Unique Prompts — No Stages, No Silver Linings (Gender-Neutral)",Range Band Press,WELLNESS COMPANION SERIES,"6"" × 9""",117,white,"FAMILY & RELATIONSHIPS / Death, Grief, Bereavement  (FAM014000) | SELF-HELP / Journaling  (SEL010000)","['grief journal 90 day', 'bereavement prompts no stages', 'gender neutral grief diary', 'loss writing prompts unique', 'mourning journal undated', 'no silver lining grief book', 'memorial writing notebook']",$9.99,33_Grief_Loss/33_Grief_Loss_interior.pdf,33_Grief_Loss/33_Grief_Loss_COVER_WRAP.pdf,none (listing images not built for RB),33_Grief_Loss/listing.txt,LIST,$9.99,not built,49,
RB-34,Range Band Press,4,99,12-Week Habit Operating System,"Weekly Contracts, Bad-Day Minimums & Environment Design (Undated)",Range Band Press,WELLNESS COMPANION SERIES,"6"" × 9""",117,white,SELF-HELP / Self-Management / Time Management  (SEL027000) | SELF-HELP / Personal Growth / Happiness  (SEL016000),"['habit contract journal 12 week', 'minimum viable habit tracker', 'identity habit notebook', 'bad day minimum log', 'undated habit operating system', 'weekly behavior contract', 'environment design journal']",$9.99,34_Habit_OS/34_Habit_OS_interior.pdf,34_Habit_OS/34_Habit_OS_COVER_WRAP.pdf,none (listing images not built for RB),34_Habit_OS/listing.txt,LIST,$9.99,not built,19,
RB-35,Range Band Press,4,99,Burnout & Energy Budget Journal,"12-Week Meeting Cost, Recovery & Resentment Log (Not a Hustle Planner)",Range Band Press,WELLNESS COMPANION SERIES,"6"" × 9""",104,white,SELF-HELP / Self-Management / Stress Management  (SEL024000) | BUSINESS & ECONOMICS / Time Management  (BUS088000),"['burnout journal knowledge work', 'energy budget notebook', 'meeting cost tracker', 'resentment signal diary', '12 week burnout log', 'decline delegate journal', 'undated recovery from hustle']",$9.99,35_Burnout_Energy/35_Burnout_Energy_interior.pdf,35_Burnout_Energy/35_Burnout_Energy_COVER_WRAP.pdf,none (listing images not built for RB),35_Burnout_Energy/listing.txt,LIST,$9.99,not built,28,
RB-36,Range Band Press,4,99,Bladder & Pelvic Symptom Diary,"16 Three-Day Voiding Diaries (Drink, Void, Urgency, Leak) — Tracking Only",Range Band Press,WELLNESS COMPANION SERIES,"6"" × 9""",88,white,HEALTH & FITNESS / Women's Health  (HEA028000) | HEALTH & FITNESS / Diseases / General  (HEA039000),"['3 day bladder diary', 'voiding log book clinic', 'urgency leak pad tracker', 'pelvic symptom diary undated', 'drink void diary 16 blocks', 'urogynecology notebook', 'bladder diary for appointment']",$9.99,36_Bladder_Pelvic/36_Bladder_Pelvic_interior.pdf,36_Bladder_Pelvic/36_Bladder_Pelvic_COVER_WRAP.pdf,none (listing images not built for RB),36_Bladder_Pelvic/listing.txt,LIST,$9.99,not built,9,
